"id","name","cost","effect","healing","can_revive","statistic","stat_increase_time","top_capture_rate","min_capture_rate","quick_sell_price","collector_price","move"
"204","deep sea scale","2000","Held by Clamperl: Doubles the holder's Special Defense.  Evolves the holder into Gorebyss when traded.",,"false",,,,,,,""
"271","power weight","3000","Held: Decreases the holder's Speed by 50%.  Whenever the holder gains HP effort from battle, increases that effort by 4; this applies before the PokéRUS doubling effect.",,"false",,,,,,,""
"75","green shard","1000","No effect.In Diamond and Pearl, trade ten for a hail TM in the house midway along the southern section of sinnoh route 212.In Platinum, trade to move tutors on sinnoh route 212, in snowpoint city, and in the survival area.  Eight shards total are required per tutelage, but the particular combination of colors varies by move.In HeartGold and SoulSilver, trade one for an aguav berry, a lum berry, and a rawst berry with the Juggler near the Pokémon Center in violet city.In HeartGold and SoulSilver, trade one for a durin berry, a hondew berry, and a wepear berry with the Juggler near the pal park entrance in fuchsia city.",,"false",,,,,,,""
"176","babiri berry","80","Held in battle:   When the holder would take super-effective steel-type damage, it consumes this item to halve the amount of damage taken.",,"false",,,,,,,""
"267","power belt","3000","Held: Decreases the holder's Speed by 50%.  Whenever the holder gains Defense effort from battle, increases that effort by 4; this applies before the PokéRUS doubling effect.",,"false",,,,,,,""
"203","deep sea tooth","2000","Held by Clamperl: Doubles the holder's Special Attack.  Evolves the holder into Huntail when traded.",,"false",,,,,,,""
"121","snow mail","50","Used to send short messages to other players via Pokémon trading.  Trainer may compose a message from a finite list of words when giving this item to a Pokémon.  Once taken and read, a message may be erased and this item can be reused, or the message may be stored in the trainer's PC.Held:   Holder cannot be placed in the PC.  Any move attempting to remove this item from the holder will fail.",,"false",,,,,,,""
"553","tri pass","0","Provides access to the first three Sevii Islands.",,"false",,,,,,,""
"475","card key","0","Used by trainer outside of battle:   Opens doors in the goldenrod city Radio Tower.",,"false",,,,,,,""
"534","eon ticket","0","Provides access to southern island and either latias or latios, whichever is not available roaming around Hoenn.",,"false",,,,,,,""
"415","works key","0","Opens the front door of the Valley Windworks.  Reusable.",,"false",,,,,,,""
"111","odd keystone","2100","Place in the tower on sinnoh route 209.  Check the stone to encounter a spiritomb, as long as the trainer's Underground status card counts at least 32 greetings.",,"false",,,,,,,""
"547","lift key","0","Operates the elevator in the Celadon Rocket Hideout.",,"false",,,,,,,""
"429","oaks letter","0","Grants access to Flower Paradise and Shaymin.",,"false",,,,,,,""
"274","choice specs","4000","Held: Increases the holder's Special Attack by 50%, but restricts it to the first move it uses until it leaves battle or loses this item.  If this item is swapped for another Choice item via Trick or Switcheroo, the holder's restriction is still lifted, but it will again be restricted to the next move it uses.(Quirk: If the holder is switched in by U-Turn and it also knows U-Turn, U-Turn becomes its restricted move.)",,"false",,,,,,,""
"458","red apricorn","200","May be given to Kurt in azalea town to produce a level ball.",,"false",,,,,,,""
"535","scanner","0","May be traded to Captain Stern for a deep sea tooth or a deep sea scale.",,"false",,,,,,,""
"340","tm36","1000","Teaches Sludge Bomb to a compatible Pokémon.",,"false",,,,,,,"self destruct"
"250","flame orb","4000","Held: Burns the holder at the end of each turn.",,"false",,,,,,,""
"408","poke radar","0","Designates several nearby patches of grass as containing Pokémon, some of which may be special radar-only Pokémon.  Successive uses in a certain way create chains of encounters with the same species; longer chains increase the chance that a shiny Pokémon of that species will appear.",,"false",,,,,,,""
"18","antidote","200","Used on a party Pokémon:   Cures poison.",,"false",,,,,,,""
"385","tm81","1000","Teaches X-Scissor to a compatible Pokémon.",,"false",,,,,,,"x scissor"
"45","hp up","10000","Used on a party Pokémon:   Increases HP effort by 10, but won't increase it beyond 100.  Increases happiness by 5/3/2.",,"false",,,,,,,""
"133","persim berry","80","Held in battle:   When the holder is confused, it consumes this item to cure the confusion.Used on a party Pokémon:   Cures confusion.",,"false",,,,,,,""
"20","ice heal","200","Used on a party Pokémon:   Cures freezing.",,"false",,,,,,,""
"529","wailmer pail","0","Waters Berry plants.",,"false",,,,,,,""
"219","magnet","1000","Held: Increases the power of the holder's Electric moves by 20%.",,"false",,,,,,,""
"506","data card 21","0","Records the number of times the trainer has come in first across all Pokéathlon events.",,"false",,,,,,,""
"373","tm69","1000","Teaches Rock Polish to a compatible Pokémon.",,"false",,,,,,,"rock polish"
"368","tm64","1000","Teaches Explosion to a compatible Pokémon.",,"false",,,,,,,"explosion"
"222","poison barb","1000","Held: Increases the power of the holder's Poison moves by 20%.",,"false",,,,,,,""
"423","good rod","0","Used to find Pokémon on the Good Rod list for an area, which are generally mediocre.",,"false",,,,,,,""
"317","tm13","10000","Teaches Ice Beam to a compatible Pokémon.",,"false",,,,,,,"ice beam"
"388","tm84","1000","Teaches Poison Jab to a compatible Pokémon.",,"false",,,,,,,"poison jab"
"160","belue berry","20","No effect; only useful for planting and cooking.",,"false",,,,,,,""
"409","point card","0","Tracks Battle Points.",,"false",,,,,,,""
"100","claw fossil","7000","Give to a scientist in the mining museum in oreburgh city or the Museum of Science in pewter city to receive a anorith.",,"false",,,,,,,""
"290","iron plate","1000","Held: Increases the power of the holder's Steel moves by 20%.Held by a Multitype Pokémon: Holder's type becomes Steel.",,"false",,,,,,,""
"138","mago berry","80","Held in battle:   When the holder has 1/2 its max HP remaining or less, it consumes this item to restore 1/8 its max HP.  If the holder dislikes sweet flavors (i.e., has a nature that lowers Speed), it will also become confused.",,"false",,,,,,,""
"371","tm67","30000","Teaches Recycle to a compatible Pokémon.",,"false",,,,,,,"recycle"
"335","tm31","1000","Teaches Brick Break to a compatible Pokémon.",,"false",,,,,,,"mimic"
"452","heavy ball","0","Used by a trainer in battle:   Attempts to catch a wild Pokémon.  If used in a trainer battle, nothing happens and the ball is lost.    If the wild Pokémon weighs:    * 409.6 kg (903.0 lb) or more, its catch rate is 40 more than normal.    * 307.2 kg (677.3 lb) or more, its catch rate is 30 more than normal.    * 204.8 kg (451.5 lb) or more, its catch rate is 20 more than normal.    * less than 204.8 kg (451.5 lb), its catch rate is 20 less than normal.",,"false",,,"8","0",,,""
"528","acro bike","0","Increases movement speed outside or in caves.  Slower than the mach bike.  Can perform various tricks, allowing the trainer to reach certain special areas.",,"false",,,,,,,""
"396","tm92","100000","Teaches Trick Room to a compatible Pokémon.",,"false",,,,,,,"trick room"
"182","apicot berry","80","Held in battle:   When the holder has 1/4 its max HP remaining or less, it consumes this item to raise its Special Defense by one stage.",,"false",,,,,,,""
"281","toxic plate","1000","Held: Increases the power of the holder's Poison moves by 20%.Held by a Multitype Pokémon: Holder's type becomes Poison.",,"false",,,,,,,""
"480","machine part","0","Must be replaced in the power plant to power the Magnet Train.",,"false",,,,,,,""
"7","dive ball","1000","Used in battle:   Attempts to catch a wild Pokémon.  If the wild Pokémon was encountered by surfing or fishing, this ball has a catch rate of 3.5×.  Otherwise, it has a catch rate of 1×.    If used in a trainer battle, nothing happens and the ball is lost.",,"false",,,"5","1",,,""
"99","root fossil","7000","Give to a scientist in the mining museum in oreburgh city or the Museum of Science in pewter city to receive a lileep.",,"false",,,,,,,""
"303","razor claw","5000","Held: Raises the holder's critical hit counter by 1.Held by Sneasel: Evolves the holder into Weavile when it levels up during the night.",,"false",,,,,,,""
"309","tm05","50000","Teaches Roar to a compatible Pokémon.",,"false",,,,,,,"mega kick"
"50","rare candy","10000","Used on a party Pokémon:   Increases level by 1.  Increases happiness by 5/3/2.",,"false",,,,,,,""
"236","stick","1000","Held by Farfetch'd: Raises the holder's critical hit counter by 2.",,"false",,,,,,,""
"168","shuca berry","80","Held in battle:   When the holder would take super-effective ground-type damage, it consumes this item to halve the amount of damage taken.",,"false",,,,,,,""
"556","mysticticket","0","Provides access to Navel Rock, ho oh, and lugia.",,"false",,,,,,,""
"180","salac berry","80","Held in battle:   When the holder has 1/4 its max HP remaining or less, it consumes this item to raise its Speed by one stage.",,"false",,,,,,,""
"489","data card 04","0","Records the number of times the trainer's Pokémon have jumped in the Pokéathlon.",,"false",,,,,,,""
"446","apricorn box","0","Stores Apricorns.",,"false",,,,,,,""
"68","black flute","20","Used outside of battle:   Decreases the wild Pokémon encounter rate by 50%.",,"false",,,,,,,""
"131","leppa berry","80","Held in battle:   When the holder is out of PP for one of its moves, it consumes this item to restore 10 of that move's PP.Used on a party Pokémon:   Restores 10 PP for a selected move.",,"false",,,,,,,""
"148","qualot berry","80","Used on a party Pokémon:   Increases happiness by 10/5/2.  Lowers Defense effort by 10.",,"false",,,,,,,""
"561","magma emblem","0","Provides access to the magma hideout in the jagged pass.",,"false",,,,,,,""
"85","leaf stone","3000","Used on a party Pokémon:   Evolves an exeggcute into exeggutor, a gloom into vileplume, a nuzleaf into shiftry, a pansage into simisage, or a weepinbell into victreebel.",,"false",,,,,,,""
"507","data card 22","0","Records the number of times the trainer has come in last across all Pokéathlon events.",,"false",,,,,,,""
"393","tm89","20000","Teaches U-Turn to a compatible Pokémon.",,"false",,,,,,,"u turn"
"325","tm21","1000","Teaches Frustration to a compatible Pokémon.",,"false",,,,,,,"mega drain"
"346","tm42","1000","Teaches Facade to a compatible Pokémon.",,"false",,,,,,,"dream eater"
"350","tm46","30000","Teaches Thief to a compatible Pokémon.",,"false",,,,,,,"psywave"
"361","tm57","1000","Teaches Charge Beam to a compatible Pokémon.",,"false",,,,,,,"charge beam"
"291","odd incense","2000","Held: Increases the power of the holder's Psychic moves by 20%.",,"false",,,,,,,""
"486","data card 01","0","Records the number of times the trainer has come in first place overall in the Pokéathlon.",,"false",,,,,,,""
"487","data card 02","0","Records the number of times the trainer has come in last place overall in the Pokéathlon.",,"false",,,,,,,""
"310","tm06","1000","Teaches Toxic to a compatible Pokémon.",,"false",,,,,,,"toxic"
"93","heart scale","100","Trade one to the Move Relearner near the shore in pastoria city or with the Move Deleter in blackthorn city to teach one party Pokémon a prior level-up move.",,"false",,,,,,,""
"362","tm58","1000","Teaches Endure to a compatible Pokémon.",,"false",,,,,,,"endure"
"405","explorer kit","0","Sends the trainer to the Underground.  Only usable outside.",,"false",,,,,,,""
"483","mystery egg","0","Must be obtained to trigger the break-in at Professor Elm's lab, the first rival battle, and access to johto route 31.",,"false",,,,,,,""
"505","data card 20","0","Records the number of times the trainer has come in last place overall in the Pokéathlon over wireless.",,"false",,,,,,,""
"84","water stone","3000","Used on a party Pokémon:   Evolves an eevee into vaporeon, a lombre into ludicolo, a panpour into simipour, a poliwhirl into poliwrath, a shellder into cloyster, or a staryu into starmie.",,"false",,,,,,,""
"436","parcel","0","Given to the trainer's rival in Jubilife City.  Contains two Town Maps, one of which is given to the trainer upon delivery.",,"false",,,,,,,""
"419","town map","0","Displays a map of the region including the trainer's position, location names, visited towns, gym locations, and where the trainer has been walking recently.",,"false",,,,,,,""
"196","mental herb","4000","Held in battle:   When the holder is attracted, it consumes this item to cure the attraction.",,"false",,,,,,,""
"89","big pearl","8000","Vendor trash.",,"false",,,,,"1","7500",""
"213","light ball","1000","Held by Pikachu: Doubles the holder's initial Attack and Special Attack.",,"false",,,,,,,""
"232","lax incense","5000","Held: Increases the holder's Evasion by 5%.",,"false",,,,,,,""
"424","super rod","0","Used to find Pokémon on the Super Rod list for an area, which are generally the best available there.",,"false",,,,,,,""
"491","data card 06","0","Records the number of times the trainer has come in first in the Pokéathlon Relay Run.",,"false",,,,,,,""
"464","black apricorn","200","May be given to Kurt in azalea town to produce a heavy ball.",,"false",,,,,,,""
"432","azure flute","0","",,"false",,,,,,,""
"412","fashion case","0","Contains Pokémon Accessories.",,"false",,,,,,,""
"175","colbur berry","80","Held in battle:   When the holder would take super-effective dark-type damage, it consumes this item to halve the amount of damage taken.",,"false",,,,,,,""
"516","harbor mail","50","Used to send short messages to other players via Pokémon trading.  Trainer may compose a message from a finite list of words when giving this item to a Pokémon.  Once taken and read, a message may be erased and this item can be reused, or the message may be stored in the trainer's PC.Held:   Holder cannot be placed in the PC.  Any move attempting to remove this item from the holder will fail.",,"false",,,,,,,""
"292","rock incense","2000","Held: Increases the power of the holder's Rock moves by 20%.",,"false",,,,,,,""
"92","nugget","10000","Vendor trash.",,"false",,,,,"1","10000",""
"562","old sea map","0","Provides access to Faraway Island and mew.",,"false",,,,,,,""
"242","wide lens","4000","Held: Increases the accuracy of any move the holder uses by 10% (multiplied; i.e. 70% accuracy is increased to 77%).",,"false",,,,,,,""
"69","white flute","20","Used outside of battle:   Doubles the wild Pokémon encounter rate.",,"false",,,,,,,""
"109","dawn stone","3000","Used on a party Pokémon:   Evolves a male kirlia into gallade or a female snorunt into froslass.",,"false",,,,,,,""
"472","blue card","0","Allows the trainer to answer the daily question on Buena's radio show.  Records the points earned for correct answers.",,"false",,,,,,,""
"502","data card 17","0","Records the number of times the trainer has come in first in the Pokéathlon Lamp Jump.",,"false",,,,,,,""
"523","tropic mail","50","Used to send short messages to other players via Pokémon trading.  Trainer may compose a message from a finite list of words when giving this item to a Pokémon.  Once taken and read, a message may be erased and this item can be reused, or the message may be stored in the trainer's PC.Held:   Holder cannot be placed in the PC.  Any move attempting to remove this item from the holder will fail.",,"false",,,,,,,""
"208","lucky egg","10000","Held: Increases any Exp the holder gains by 50%.",,"false",,,,,,,""
"533","letter","0","Contains a letter to be delivered to Steven.",,"false",,,,,,,""
"324","tm20","100000","Teaches Safeguard to a compatible Pokémon.",,"false",,,,,,,"rage"
"114","grass mail","50","Used to send short messages to other players via Pokémon trading.  Trainer may compose a message from a finite list of words when giving this item to a Pokémon.  Once taken and read, a message may be erased and this item can be reused, or the message may be stored in the trainer's PC.Held:   Holder cannot be placed in the PC.  Any move attempting to remove this item from the holder will fail.",,"false",,,,,,,""
"430","lunar wing","0","Cures the sailor's son of his nightmares; no reward, only a side effect of seeing Cresselia.",,"false",,,,,,,""
"125","brick mail","50","Used to send short messages to other players via Pokémon trading.  Trainer may compose a message from a finite list of words when giving this item to a Pokémon.  Once taken and read, a message may be erased and this item can be reused, or the message may be stored in the trainer's PC.Held:   Holder cannot be placed in the PC.  Any move attempting to remove this item from the holder will fail.",,"false",,,,,,,""
"508","data card 23","0","Records the number of times the trainer has switched Pokémon in the Pokéathlon.",,"false",,,,,,,""
"337","tm33","10000","Teaches Reflect to a compatible Pokémon.",,"false",,,,,,,"reflect"
"299","electirizer","2000","Held by Electabuzz: Evolves the holder into Electivire when traded.",,"false",,,,,,,""
"448","squirt bottle","0","Required to water berries within the berry pots.Required to battle the sudowoodo on johto route 36.This item cannot be directly used from the bag.",,"false",,,,,,,""
"108","dusk stone","3000","Used on a party Pokémon:   Evolves a lampent into chandelure, a misdreavus into mismagius, or a murkrow into honchkrow.",,"false",,,,,,,""
"379","tm75","1000","Teaches Swords Dance to a compatible Pokémon.",,"false",,,,,,,"swords dance"
"433","ss ticket","0","Allows passage on a ferry.The same item is used for different ferries between different games.",,"false",,,,,,,""
"403","hm07","0","Teaches Waterfall to a compatible Pokémon.",,"false",,,,,,,"waterfall"
"438","coupon 2","0","One of three coupons needed to receive a Pokétch.",,"false",,,,,,,""
"130","aspear berry","80","Held in battle:   When the holder is frozen, it consumes this item to thaw itself.Used on a party Pokémon:   Cures freezing.",,"false",,,,,,,""
"375","tm71","50000","Teaches Stone Edge to a compatible Pokémon.",,"false",,,,,,,"stone edge"
"51","pp up","10000","Used on a party Pokémon:   Increases a selected move's max PP by 20% its original max PP, to a maximum of 1.6×.  Increases happiness by 5/3/2.",,"false",,,,,,,""
"484","gb sounds","0","Used by trainer outside of battle:   Changes the background music to the equivalent 8-bit music.",,"false",,,,,,,""
"52","zinc","10000","Used on a party Pokémon:   Increases Special Defense effort by 10, but won't increase it beyond 100.  Increases happiness by 5/3/2.",,"false",,,,,,,""
"319","tm15","1000","Teaches Hyper Beam to a compatible Pokémon.",,"false",,,,,,,"hyper beam"
"288","draco plate","1000","Held: Increases the power of the holder's Dragon moves by 20%.Held by a Multitype Pokémon: Holder's type becomes Dragon.",,"false",,,,,,,""
"199","silver powder","1000","Held in battle:   Holder's bug-type moves have 1.2× their power.",,"false",,,,,,,""
"202","soul dew","0","Held by Latias or Latios: Increases the holder's Special Attack and Special Defense by 50%.",,"false",,,,,,,""
"363","tm59","100000","Teaches Dragon Pulse to a compatible Pokémon.",,"false",,,,,,,"dragon pulse"
"330","tm26","1000","Teaches Earthquake to a compatible Pokémon.",,"false",,,,,,,"earthquake"
"482","rainbow wing","0","Causes ho oh to appear at the top of bell tower.",,"false",,,,,,,""
"226","charcoal","1000","Held: Increases the power of the holder's Fire moves by 20%.",,"false",,,,,,,""
"117","bloom mail","50","Used to send short messages to other players via Pokémon trading.  Trainer may compose a message from a finite list of words when giving this item to a Pokémon.  Once taken and read, a message may be erased and this item can be reused, or the message may be stored in the trainer's PC.Held:   Holder cannot be placed in the PC.  Any move attempting to remove this item from the holder will fail.",,"false",,,,,,,""
"32","lemonade","400","Used on a party Pokémon:   Restores 80 HP.","80","false",,,,,,,""
"406","loot sack","0","Unused.",,"false",,,,,,,""
"26","super potion","700","Used on a party Pokémon:   Restores 50 HP.","50","false",,,,,,,""
"306","tm02","1000","Teaches Dragon Claw to a compatible Pokémon.",,"false",,,,,,,"razor wind"
"129","rawst berry","80","Held in battle:   When the holder is burned, it consumes this item to cure the burn.Used on a party Pokémon:   Cures a burn.",,"false",,,,,,,""
"247","life orb","4000","Held: Damage from the holder's moves is increased by 30%.  On each turn the holder uses a damage-inflicting move, it takes 10% its max HP in damage.",,"false",,,,,,,""
"254","metronome","4000","Held: Each time the holder uses the same move consecutively, its power is increased by another 10% of its original, to a maximum of 100%.",,"false",,,,,,,""
"237","red scarf","100","Held: Increases the holder's Coolness during a Super Contest's Visual Competition.",,"false",,,,,,,""
"218","black belt","1000","Held: Increases the power of the holder's Fighting moves by 20%.",,"false",,,,,,,""
"509","data card 24","0","Records the number of times the trainer has come in first in the Pokéathlon Goal Roll.",,"false",,,,,,,""
"210","metal coat","2000","Held: Increases the power of the holder's Steel moves by 20%.Held by Onix or Scyther: Evolves the holder into Steelix or Scizor when traded, respectively.",,"false",,,,,,,""
"336","tm32","10000","Teaches Double Team to a compatible Pokémon.",,"false",,,,,,,"double team"
"225","twisted spoon","1000","Held: Increases the power of the holder's Psychic moves by 20%.",,"false",,,,,,,""
"287","spooky plate","1000","Held: Increases the power of the holder's Ghost moves by 20%.Held by a Multitype Pokémon: Holder's type becomes Ghost.",,"false",,,,,,,""
"270","power anklet","3000","Held: Decreases the holder's Speed by 50%.  Whenever the holder gains Speed effort from battle, increases that effort by 4; this applies before the PokéRUS doubling effect.",,"false",,,,,,,""
"280","fist plate","1000","Held: Increases the power of the holder's Fighting moves by 20%.Held by a Multitype Pokémon: Holder's type becomes Fighting.",,"false",,,,,,,""
"463","white apricorn","200","May be given to Kurt in azalea town to produce a fast ball.",,"false",,,,,,,""
"249","toxic orb","4000","Held: Badly poisons the holder at the end of each turn.",,"false",,,,,,,""
"453","fast ball","0","Used by a trainer in battle:   Attempts to catch a wild Pokémon.  If used in a trainer battle, nothing happens and the ball is lost.:   If the wild Pokémon's base speed is 100 or more, its catch rate is 4× normal.",,"false",,,"4","4",,,""
"35","energy root","1200","Used on a party Pokémon:   Restores 200 HP.  Decreases happiness by 10/10/15.","200101015","false",,,,,,,""
"546","gold teeth","0","The Safari Zone warden's teeth, to be returned to him for hm04.",,"false",,,,,,,""
"276","splash plate","1000","Held: Increases the power of the holder's Water moves by 20%.Held by a Multitype Pokémon: Holder's type becomes Water.",,"false",,,,,,,""
"314","tm10","1000","Teaches Hidden Power to a compatible Pokémon.",,"false",,,,,,,"double edge"
"360","tm56","1000","Teaches Fling to a compatible Pokémon.",,"false",,,,,,,"fling"
"158","watmel berry","20","No effect; only useful for planting and cooking.",,"false",,,,,,,""
"4","poke ball","200","Used in battle:   Attempts to catch a wild Pokémon, using a catch rate of 1×.    If used in a trainer battle, nothing happens and the ball is lost.",,"false",,,"1","1",,,""
"212","dragon scale","2000","Held by Seadra: Evolves the holder into Kingdra when traded.",,"false",,,,,,,""
"525","fab mail","50","Used to send short messages to other players via Pokémon trading.  Trainer may compose a message from a finite list of words when giving this item to a Pokémon.  Once taken and read, a message may be erased and this item can be reused, or the message may be stored in the trainer's PC.Held:   Holder cannot be placed in the PC.  Any move attempting to remove this item from the holder will fail.",,"false",,,,,,,""
"455","love ball","0","Used by a trainer in battle:   Attempts to catch a wild Pokémon.  If used in a trainer battle, nothing happens and the ball is lost.    If the trainer's Pokémon and wild Pokémon are of the same species but opposite genders, the wild Pokémon's catch rate is 8× normal.",,"false",,,"8","8",,,""
"38","ether","1200","Used on a party Pokémon:   Restores 10 PP for a selected move.",,"false",,,,,,,""
"55","guard spec","1500","Used on a party Pokémon in battle:   Protects the target's stats from being lowered for the next five turns.  Increases happiness by 1/1/0.",,"false",,,,,,,""
"23","full restore","3000","Used on a party Pokémon:   Restores HP to full and cures any status ailment and confusion.","","false",,,,,,,""
"143","nanab berry","200","No effect; only useful for planting and cooking.",,"false",,,,,,,""
"120","heart mail","50","Used to send short messages to other players via Pokémon trading.  Trainer may compose a message from a finite list of words when giving this item to a Pokémon.  Once taken and read, a message may be erased and this item can be reused, or the message may be stored in the trainer's PC.Held:   Holder cannot be placed in the PC.  Any move attempting to remove this item from the holder will fail.",,"false",,,,,,,""
"155","nomel berry","20","No effect; only useful for planting and cooking.",,"false",,,,,,,""
"102","dome fossil","7000","Give to a scientist in the mining museum in oreburgh city or the Museum of Science in pewter city to receive a kabuto.",,"false",,,,,,,""
"255","iron ball","4000","Held: Decreases the holder's Speed by 50%.  If the holder is Flying or has Levitate, it takes regular damage from Ground attacks and is suspectible to Spikes and Toxic Spikes.",,"false",,,,,,,""
"115","flame mail","50","Used to send short messages to other players via Pokémon trading.  Trainer may compose a message from a finite list of words when giving this item to a Pokémon.  Once taken and read, a message may be erased and this item can be reused, or the message may be stored in the trainer's PC.Held:   Holder cannot be placed in the PC.  Any move attempting to remove this item from the holder will fail.",,"false",,,,,,,""
"457","sport ball","300","Used by a trainer in battle:   Attempts to catch a wild Pokémon.    The wild Pokémon's catch rate is 1.5× normal.",,"false",,,"5","1",,,""
"12","premier ball","20","Used in battle:   Attempts to catch a wild Pokémon, using a catch rate of 1×.    If used in a trainer battle, nothing happens and the ball is lost.",,"false",,,"1","1",,,""
"386","tm82","1000","Teaches Sleep Talk to a compatible Pokémon.",,"false",,,,,,,"sleep talk"
"8","nest ball","1000","Used in battle:   Attempts to catch a wild Pokémon.  Has a catch rate of given by `(40 - level) / 10`, where `level` is the wild Pokémon's level, to a maximum of 3.9× for level 1 Pokémon.  If the wild Pokémon's level is higher than 30, this ball has a catch rate of 1×.    If used in a trainer battle, nothing happens and the ball is lost.",,"false",,,"9","1",,,""
"136","figy berry","80","Held in battle:   When the holder has 1/2 its max HP remaining or less, it consumes this item to restore 1/8 its max HP.  If the holder dislikes spicy flavors (i.e., has a nature that lowers Attack), it will also become confused.",,"false",,,,,,,""
"499","data card 14","0","Records the number of times the trainer's Pokémon have tackled in the Pokéathlon.",,"false",,,,,,,""
"190","bright powder","4000","Held in battle:   Moves targeting the holder have 0.9× chance to hit.",,"false",,,,,,,""
"552","teachy tv","0","Teaches beginning trainers basic information.",,"false",,,,,,,""
"282","earth plate","1000","Held: Increases the power of the holder's Ground moves by 20%.Held by a Multitype Pokémon: Holder's type becomes Ground.",,"false",,,,,,,""
"217","black glasses","1000","Held: Increases the power of the holder's Dark moves by 20%.",,"false",,,,,,,""
"101","helix fossil","7000","Give to a scientist in the mining museum in oreburgh city or the Museum of Science in pewter city to receive a omanyte.",,"false",,,,,,,""
"537","meteorite","0","RSE: May be traded to Professor Cozmo for tm27.FRLG: A meteorite to be delivered to Lostelle's father.",,"false",,,,,,,""
"2","ultra ball","800","Used in battle:   Attempts to catch a wild Pokémon, using a catch rate of 2×.    If used in a trainer battle, nothing happens and the ball is lost.",,"false",,,"2","2",,,""
"37","revival herb","2800","Used on a party Pokémon:   Revives a fainted Pokémon and restores its HP to full.  Decreases happiness by 10/10/15.","101015","true",,,,,,,""
"344","tm40","1000","Teaches Aerial Ace to a compatible Pokémon.",,"false",,,,,,,"skull bash"
"132","oran berry","80","Held in battle:   When the holder has 1/2 its max HP remaining or less, it consumes this item to restore 10 HP.Used on a party Pokémon:   Restores 10 HP.",,"false",,,,,,,""
"167","kebia berry","80","Held in battle:   When the holder would take super-effective poison-type damage, it consumes this item to halve the amount of damage taken.",,"false",,,,,,,""
"97","stable mulch","200","Used on a patch of soil:   Fully-grown plant will last 25% longer before dying and possibly regrowing.",,"false",,,,,,,""
"425","sprayduck","0","Waters Berry plants.",,"false",,,,,,,""
"275","flame plate","1000","Held: Increases the power of the holder's Fire moves by 20%.Held by a Multitype Pokémon: Holder's type becomes Fire.",,"false",,,,,,,""
"312","tm08","50000","Teaches Bulk Up to a compatible Pokémon.",,"false",,,,,,,"body slam"
"527","mach bike","0","Increases movement speed outside or in caves.  Faster than the acro bike.  Allows the trainer to ascend muddy slopes.",,"false",,,,,,,""
"181","petaya berry","80","Held in battle:   When the holder has 1/4 its max HP remaining or less, it consumes this item to raise its Special Attack by one stage.",,"false",,,,,,,""
"209","scope lens","4000","Held: Raises the holder's critical hit counter by 1.",,"false",,,,,,,""
"78","escape rope","300","Used outside of battle:   Transports the trainer to the last-entered dungeon entrance.  Cannot be used outside, in buildings, or in distortion world, sinnoh hall of origin 1, spear pillar, or turnback cave.",,"false",,,,,,,""
"162","passho berry","80","Held in battle:   When the holder would take super-effective water-type damage, it consumes this item to halve the amount of damage taken.",,"false",,,,,,,""
"259","icy rock","4000","Held: The holder's Hail will create a hailstorm lasting for eight turns rather than five.  As this item affects the move rather than the weather itself, the effect is not lost if the holder leaves battle or drops this item.",,"false",,,,,,,""
"154","rabuta berry","20","No effect; only useful for planting and cooking.",,"false",,,,,,,""
"96","damp mulch","200","Used on a patch of soil:   Plant's growth stages will each last 25% more time.  Dries soil out more slowly.",,"false",,,,,,,""
"113","lustrous orb","0","Held by palkia:   Holder's dragon- and water-type moves have 1.2× their usual power.",,"false",,,,,,,""
"391","tm87","1000","Teaches Swagger to a compatible Pokémon.",,"false",,,,,,,"swagger"
"470","enigma stone","0","When taken to the pewter city museum, causes latias or latios to attack the trainer.The Pokémon to appear will be whicher can't be encountered roaming in the wild.",,"false",,,,,,,""
"394","tm90","20000","Teaches Substitute to a compatible Pokémon.",,"false",,,,,,,"substitute"
"221","sharp beak","1000","Held: Increases the power of the holder's Flying moves by 20%.",,"false",,,,,,,""
"198","kings rock","5000","Held in battle:   Holder's damaging moves have a 10% chance to make their target flinch.  This chance applies independently to each hit of a multi-hit move.    This item's chance is rolled independently of any other move effects;e.g., a move with a 30% chance to flinch normally will have a 37% total chance to flinch when used with this item, because 3% of the time, both effects activate.Held by poliwhirl or slowbro:   Holder evolves into politoed or slowking, respectively, when traded.",,"false",,,,,,,""
"147","kelpsy berry","80","Used on a party Pokémon:   Increases happiness by 10/5/2.  Lowers Attack effort by 10.",,"false",,,,,,,""
"13","dusk ball","1000","Used in battle:   Attempts to catch a wild Pokémon.  If it's currently nighttime or the wild Pokémon was encountered while walking in a cave, this ball has a catch rate of 3.5×.  Otherwise, it has a catch rate of 1×.    If used in a trainer battle, nothing happens and the ball is lost.",,"false",,,"5","1",,,""
"165","yache berry","80","Held in battle:   When the holder would take super-effective ice-type damage, it consumes this item to halve the amount of damage taken.",,"false",,,,,,,""
"465","dowsing machine","0","Used by trainer outside of battle:   Searches for hidden items.",,"false",,,,,,,""
"174","haban berry","80","Held in battle:   When the holder would take super-effective dragon-type damage, it consumes this item to halve the amount of damage taken.",,"false",,,,,,,""
"398","hm02","0","Teaches Fly to a compatible Pokémon.",,"false",,,,,,,"fly"
"493","data card 08","0","Records the number of times the trainer has come in first in the Pokéathlon Block Smash.",,"false",,,,,,,""
"200","amulet coin","10000","Held:   If the holder participated in a trainer battle, the trainer earns twice the usual prize money.  This effect applies even if the holder fainted.    This effect does not stack with any other similar effect.",,"false",,,,,,,""
"72","red shard","1000","No effect.In Diamond and Pearl, trade ten for a sunny day TM in the house midway along the southern section of sinnoh route 212.In Platinum, trade to move tutors on sinnoh route 212, in snowpoint city, and in the survival area.  Eight shards total are required per tutelage, but the particular combination of colors varies by move.In HeartGold and SoulSilver, trade one for a cheri berry, a leppa berry, and a pecha berry with the Juggler near the Pokémon Center in violet city.In HeartGold and SoulSilver, trade one for a persim berry, a pomeg berry, and a razz berry with the Juggler near the pal park entrance in fuchsia city.",,"false",,,,,,,""
"66","yellow flute","20","Used on a party Pokémon in battle:   Cures confusion.",,"false",,,,,,,""
"73","blue shard","1000","No effect.In Diamond and Pearl, trade ten for a rain dance TM in the house midway along the southern section of sinnoh route 212.In Platinum, trade to move tutors on sinnoh route 212, in snowpoint city, and in the survival area.  Eight shards total are required per tutelage, but the particular combination of colors varies by move.In HeartGold and SoulSilver, trade one for a chesto berry, an oran berry, and a wiki berry with the Juggler near the Pokémon Center in violet city.In HeartGold and SoulSilver, trade one for a bluk berry, a cornn berry, and a kelpsy berry with the Juggler near the pal park entrance in fuchsia city.",,"false",,,,,,,""
"22","paralyze heal","200","Used on a party Pokémon:   Cures paralysis.",,"false",,,,,,,""
"231","sea incense","2000","Held: Increases the power of the holder's Water moves by 20%.",,"false",,,,,,,""
"342","tm38","1000","Teaches Fire Blast to a compatible Pokémon.",,"false",,,,,,,"fire blast"
"443","vs recorder","0","Optionally records wireless, Wi-Fi, and Battle Frontier battles.Tracks Battle Points earned in the Battle Frontier, and stores commemorative prints.",,"false",,,,,,,""
"501","data card 16","0","Records the number of times the trainer has come in first in the Pokéathlon Ring Drop.",,"false",,,,,,,""
"417","galactic key","0","Grants access to Galactic HQ in Veilstone City.",,"false",,,,,,,""
"334","tm30","1000","Teaches Shadow Ball to a compatible Pokémon.",,"false",,,,,,,"teleport"
"522","shadow mail","50","Used to send short messages to other players via Pokémon trading.  Trainer may compose a message from a finite list of words when giving this item to a Pokémon.  Once taken and read, a message may be erased and this item can be reused, or the message may be stored in the trainer's PC.Held:   Holder cannot be placed in the PC.  Any move attempting to remove this item from the holder will fail.",,"false",,,,,,,""
"91","star piece","12000","Vendor trash.",,"false",,,,,"1","9800",""
"326","tm22","1000","Teaches SolarBeam to a compatible Pokémon.",,"false",,,,,,,"solar beam"
"53","pp max","10000","Used on a party Pokémon:   Increases a selected move's max PP to 1.6× its original max PP.  Increases happiness by 5/3/2.",,"false",,,,,,,""
"364","tm60","30000","Teaches Drain Punch to a compatible Pokémon.",,"false",,,,,,,"drain punch"
"460","yellow apricorn","200","May be given to Kurt in azalea town to produce a moon ball.",,"false",,,,,,,""
"296","luck incense","11000","Held: Doubles the money the trainer receives after an in-game trainer battle.  This effect cannot apply more than once to the same battle.",,"false",,,,,,,""
"192","macho brace","3000","Held:   When the holder would gain effort due to battle, it gains double that effort instead.Held in battle:   Holder has half its Speed.",,"false",,,,,,,""
"183","lansat berry","80","Held in battle:   When the holder has 1/4 its max HP remaining or less, it consumes this item to raise its critical hit chance by one stage.",,"false",,,,,,,""
"515","orange mail","50","Used to send short messages to other players via Pokémon trading.  Trainer may compose a message from a finite list of words when giving this item to a Pokémon.  Once taken and read, a message may be erased and this item can be reused, or the message may be stored in the trainer's PC.Held:   Holder cannot be placed in the PC.  Any move attempting to remove this item from the holder will fail.",,"false",,,,,,,""
"370","tm66","30000","Teaches Payback to a compatible Pokémon.",,"false",,,,,,,"payback"
"156","spelon berry","20","No effect; only useful for planting and cooking.",,"false",,,,,,,""
"477","red scale","0","May be traded to Mr. Pokémon for an exp share.",,"false",,,,,,,""
"327","tm23","10000","Teaches Iron Tail to a compatible Pokémon.",,"false",,,,,,,"dragon rage"
"367","tm63","50000","Teaches Embargo to a compatible Pokémon.",,"false",,,,,,,"embargo"
"70","shoal salt","20","No effect.",,"false",,,,,,,""
"551","berry pouch","0","Stores Berries.",,"false",,,,,,,""
"27","full heal","400","Used on a party Pokémon:   Cures any status ailment and confusion.",,"false",,,,,,,""
"235","thick club","1000","Held by Cubone or Marowak: Doubles the holder's Attack.",,"false",,,,,,,""
"557","auroraticket","0","Provides access to Birth Island and deoxys.",,"false",,,,,,,""
"40","elixir","3000","Used on a party Pokémon:   Restores 10 PP for each move.",,"false",,,,,,,""
"264","choice scarf","4000","Held: Increases the holder's Speed by 50%, but restricts it to the first move it uses until it leaves battle or loses this item.  If this item is swapped for another Choice item via Trick or Switcheroo, the holder's restriction is still lifted, but it will again be restricted to the next move it uses.(Quirk: If the holder is switched in by U-Turn and it also knows U-Turn, U-Turn becomes its restricted move.)",,"false",,,,,,,""
"349","tm45","1000","Teaches Attract to a compatible Pokémon.",,"false",,,,,,,"thunder wave"
"420","vs seeker","0","Reveals trainers who want a rematch, by showing !! over their heads.  Each use drains the battery; requires 100 steps to charge.",,"false",,,,,,,""
"531","soot sack","0","Collects soot when walking through tall grass on hoenn route 113.",,"false",,,,,,,""
"67","red flute","20","Used on a party Pokémon in battle:   Cures attraction.",,"false",,,,,,,""
"58","x defense","2000","Used on a party Pokémon in battle:   Raises the target's Defense by one stage.  Increases happiness by 1/1/0.",,"false","defense","5",,,,,""
"1","master ball","0","Used in battle:   Catches a wild Pokémon without fail.    If used in a trainer battle, nothing happens and the ball is lost.",,"false",,,"1","1",,,""
"172","charti berry","80","Held in battle:   When the holder would take super-effective rock-type damage, it consumes this item to halve the amount of damage taken.",,"false",,,,,,,""
"11","luxury ball","3000","Used in battle:   Attempts to catch a wild Pokémon, using a catch rate of 1×.  Whenever the caught Pokémon's happiness increases, it increases by one extra point.    If used in a trainer battle, nothing happens and the ball is lost.",,"false",,,"1","1",,,""
"462","pink apricorn","200","May be given to Kurt in azalea town to produce a love ball.",,"false",,,,,,,""
"358","tm54","1000","Teaches False Swipe to a compatible Pokémon.",,"false",,,,,,,"false swipe"
"387","tm83","100000","Teaches Natural Gift to a compatible Pokémon.",,"false",,,,,,,"natural gift"
"542","devon scope","0","Reveals invisble kecleon on the overworld.",,"false",,,,,,,""
"471","unown report","0","Lists which unown forms the trainer has caught.",,"false",,,,,,,""
"171","tanga berry","80","Held in battle:   When the holder would take super-effective bug-type damage, it consumes this item to halve the amount of damage taken.",,"false",,,,,,,""
"34","energy powder","500","Used on a party Pokémon:   Restores 50 HP.  Decreases happiness by 5/5/10.","505510","false",,,,,,,""
"439","coupon 3","0","One of three coupons needed to receive a Pokétch.",,"false",,,,,,,""
"426","poffin case","0","Contains up to 100 Poffins.",,"false",,,,,,,""
"128","pecha berry","80","Held in battle:   When the holder is poisoned, it consumes this item to cure the poison.Used on a party Pokémon:   Cures poison.",,"false",,,,,,,""
"239","pink scarf","100","Held: Increases the holder's Cuteness during a Super Contest's Visual Competition.",,"false",,,,,,,""
"402","hm06","0","Teaches Rock Smash to a compatible Pokémon.",,"false",,,,,,,"whirlpool"
"220","mystic water","1000","Held: Increases the power of the holder's Water moves by 20%.",,"false",,,,,,,""
"146","pomeg berry","80","Used on a party Pokémon:   Increases happiness by 10/5/2.  Lowers HP effort by 10.",,"false",,,,,,,""
"381","tm77","1000","Teaches Psych Up to a compatible Pokémon.",,"false",,,,,,,"psych up"
"30","fresh water","200","Used on a party Pokémon:   Restores 50 HP.","50","false",,,,,,,""
"294","wave incense","2000","Held: Increases the power of the holder's Water moves by 20%.",,"false",,,,,,,""
"481","silver wing","0","Causes lugia to appear in the whirl islands.",,"false",,,,,,,""
"65","blue flute","20","Used on a party Pokémon:   Cures sleep.",,"false",,,,,,,""
"185","enigma berry","80","Held in battle:   When the holder takes super-effective damage, it consumes this item to restore 1/4 its max HP.",,"false",,,,,,,""
"427","bicycle","0","Increases movement speed outside or in caves.  In high gear, allows the trainer to hop over some rocks and ascend muddy slopes.",,"false",,,,,,,""
"366","tm62","30000","Teaches Silver Wind to a compatible Pokémon.",,"false",,,,,,,"silver wind"
"395","tm91","20000","Teaches Flash Cannon to a compatible Pokémon.",,"false",,,,,,,"flash cannon"
"189","rowap berry","80","Held in battle:   When the holder takes special damage, it consumes this item to damage the attacking Pokémon for 1/8 its max HP.",,"false",,,,,,,""
"510","data card 25","0","Records the number of times the trainer's Pokémon received prizes in the Pokéathlon.",,"false",,,,,,,""
"356","tm52","100000","Teaches Focus Blast to a compatible Pokémon.",,"false",,,,,,,"focus blast"
"230","shell bell","4000","Held: Heals the holder by 1/8 of any damage it inflicts.",,"false",,,,,,,""
"228","silk scarf","1000","Held: Increases the power of the holder's Normal moves by 20%.",,"false",,,,,,,""
"118","tunnel mail","50","Used to send short messages to other players via Pokémon trading.  Trainer may compose a message from a finite list of words when giving this item to a Pokémon.  Once taken and read, a message may be erased and this item can be reused, or the message may be stored in the trainer's PC.Held:   Holder cannot be placed in the PC.  Any move attempting to remove this item from the holder will fail.",,"false",,,,,,,""
"283","sky plate","1000","Held: Increases the power of the holder's Flying moves by 20%.Held by a Multitype Pokémon: Holder's type becomes Flying.",,"false",,,,,,,""
"95","growth mulch","200","Used on a patch of soil:   Plant's growth stages will each last 25% less time.  Dries soil out more quickly.",,"false",,,,,,,""
"474","clear bell","0","May be given to the Kimono Girls to summon ho oh to the top of the bell tower.",,"false",,,,,,,""
"473","slowpoke tail","0","Does nothing.",,"false",,,,,,,""
"476","basement key","0","Used by trainer outside of battle:   Opens the door to the basement tunnel under goldenrod city.",,"false",,,,,,,""
"538","rm 1 key","0","Unlocks room 1 on the abandoned ship.",,"false",,,,,,,""
"246","light clay","4000","Held: The holder's Reflect and Light Screen will create effects lasting for eight turns rather than five.  As this item affects the move rather than the barrier itself, the effect is not lost if the holder leaves battle or drops this item.",,"false",,,,,,,""
"159","durin berry","20","No effect; only useful for planting and cooking.",,"false",,,,,,,""
"315","tm11","1000","Teaches Sunny Day to a compatible Pokémon.",,"false",,,,,,,"bubble beam"
"279","icicle plate","1000","Held: Increases the power of the holder's Ice moves by 20%.Held by a Multitype Pokémon: Holder's type becomes Ice.",,"false",,,,,,,""
"14","heal ball","300","Used in battle:   Attempts to catch a wild Pokémon, using a catch rate of 1×.  The caught Pokémon's HP is immediately restored, PP for all its moves is restored, and any status ailment is cured.    If used in a trainer battle, nothing happens and the ball is lost.",,"false",,,"1","1",,,""
"157","pamtre berry","20","No effect; only useful for planting and cooking.",,"false",,,,,,,""
"404","hm08","0","Teaches Rock Climb to a compatible Pokémon.",,"false",,,,,,,"dive"
"25","hyper potion","1500","Used on a party Pokémon:   Restores 200 HP.","200","false",,,,,,,""
"421","coin case","0","Contains the Coins used by the Game Corner, to a maximum of 50,000.",,"false",,,,,,,""
"60","x accuracy","1000","Used on a party Pokémon in battle:   Raises the target's accuracy by one stage.  Increases happiness by 1/1/0.",,"false","accuracy","53",,,,,""
"41","max elixir","4500","Used on a party Pokémon:   Restores PP to full for each move.",,"false",,,,,,,""
"469","jade orb","0","Causes rayquaza to appear in the embedded tower.",,"false",,,,,,,""
"277","zap plate","1000","Held: Increases the power of the holder's Electric moves by 20%.Held by a Multitype Pokémon: Holder's type becomes Electric.",,"false",,,,,,,""
"191","white herb","4000","Held in battle:   At the end of each turn, if any of the holder's stats have a negative stat modifier, the holder consumes this item to remove the modifiers from those stats.",,"false",,,,,,,""
"76","super repel","700","Used outside of battle:   Trainer will skip encounters with wild Pokémon of a lower level than the lead party Pokémon.  This effect wears off after the trainer takes 200 steps.",,"false",,,,,,,""
"83","thunder stone","3000","Used on a party Pokémon:   Evolves an eelektrik into eelektross, an eevee into jolteon, or a pikachu into raichu.",,"false",,,,,,,""
"256","lagging tail","4000","Held: The holder will go last within its move's priority bracket, regardless of Speed.  If multiple Pokémon within the same priority bracket are subject to this effect, the slower Pokémon will go first.  The holder will move after Pokémon with Stall.  If the holder has Stall, Stall is ignored.  This item ignores Trick Room.",,"false",,,,,,,""
"251","quick powder","1000","Held by Ditto: Doubles the holder's initial Speed.",,"false",,,,,,,""
"170","payapa berry","80","Held in battle:   When the holder would take super-effective psychic-type damage, it consumes this item to halve the amount of damage taken.",,"false",,,,,,,""
"48","carbos","10000","Used on a party Pokémon:   Increases Speed effort by 10, but won't increase it beyond 100.  Increases happiness by 5/3/2.",,"false",,,,,,,""
"134","lum berry","80","Held in battle:   When the holder is afflicted with a major status ailment, it consumes this item to cure the ailment.Used on a party Pokémon:   Cures any major status ailment.",,"false",,,,,,,""
"530","devon goods","0","Contains a machine part to be delivered to Captain Stern.",,"false",,,,,,,""
"305","tm01","40000","Teaches Focus Punch to a compatible Pokémon.",,"false",,,,,,,"mega punch"
"307","tm03","50000","Teaches Water Pulse to a compatible Pokémon.",,"false",,,,,,,"swords dance"
"549","fame checker","0","Records information on various famous people.",,"false",,,,,,,""
"479","pass","0","Allows the trainer to ride the Magnet Train between goldenrod city and saffron city.",,"false",,,,,,,""
"382","tm78","1000","Teaches Captivate to a compatible Pokémon.",,"false",,,,,,,"captivate"
"494","data card 09","0","Records the number of times the trainer has come in first in the Pokéathlon Disc Catch.",,"false",,,,,,,""
"36","heal powder","300","Used on a party Pokémon:   Cures any status ailment.  Decreases happiness by 5/5/10.",,"false",,,,,,,""
"445","secret key","0","Used by trainer in the Galactic Eterna Building, on the ground floor, to the left of the TV:   Unlocks the secret rotom room, in which there are five appliances which can change Rotom's form.",,"false",,,,,,,""
"485","tidal bell","0","May be given to the Kimono Girls to summon lugia to the top of the bell tower.",,"false",,,,,,,""
"407","rule book","0","Unused.",,"false",,,,,,,""
"47","iron","10000","Used on a party Pokémon:   Increases Defense effort by 10, but won't increase it beyond 100.  Increases happiness by 5/3/2.",,"false",,,,,,,""
"57","x attack","1000","Used on a party Pokémon in battle:   Raises the target's Attack by one stage.  Increases happiness by 1/1/0.",,"false","attack","6",,,,,""
"98","gooey mulch","200","Used on a path of soil:   Plant will regrow after dying 25% more times.",,"false",,,,,,,""
"434","contest pass","0","Allows the trainer to enter Contests.",,"false",,,,,,,""
"150","grepa berry","80","Used on a party Pokémon:   Increases happiness by 10/5/2.  Lowers Special Defense effort by 10.",,"false",,,,,,,""
"216","miracle seed","1000","Held: Increases the power of the holder's Grass moves by 20%.",,"false",,,,,,,""
"524","dream mail","50","Used to send short messages to other players via Pokémon trading.  Trainer may compose a message from a finite list of words when giving this item to a Pokémon.  Once taken and read, a message may be erased and this item can be reused, or the message may be stored in the trainer's PC.Held:   Holder cannot be placed in the PC.  Any move attempting to remove this item from the holder will fail.",,"false",,,,,,,""
"431","member card","0","Provides access to Newmoon Island and Darkrai.",,"false",,,,,,,""
"106","rare bone","5000","Vendor trash.",,"false",,,,,"1","10000",""
"554","rainbow pass","0","Provides access to the Sevii Islands.",,"false",,,,,,,""
"79","repel","400","Used outside of battle:   Trainer will skip encounters with wild Pokémon of a lower level than the lead party Pokémon.  This effect wears off after the trainer takes 100 steps.",,"false",,,,,,,""
"122","space mail","50","Used to send short messages to other players via Pokémon trading.  Trainer may compose a message from a finite list of words when giving this item to a Pokémon.  Once taken and read, a message may be erased and this item can be reused, or the message may be stored in the trainer's PC.Held:   Holder cannot be placed in the PC.  Any move attempting to remove this item from the holder will fail.",,"false",,,,,,,""
"105","skull fossil","7000","Give to a scientist in the mining museum in oreburgh city or the Museum of Science in pewter city to receive a cranidos.",,"false",,,,,,,""
"123","air mail","50","Used to send short messages to other players via Pokémon trading.  Trainer may compose a message from a finite list of words when giving this item to a Pokémon.  Once taken and read, a message may be erased and this item can be reused, or the message may be stored in the trainer's PC.Held:   Holder cannot be placed in the PC.  Any move attempting to remove this item from the holder will fail.",,"false",,,,,,,""
"152","cornn berry","20","No effect; only useful for planting and cooking.",,"false",,,,,,,""
"435","magma stone","0","Causes Heatran to appear at Reversal Mountain.Unused prior to Black and White 2.",,"false",,,,,,,""
"252","focus sash","4000","Held: If the holder has full HP and is attacked for regular damage that would faint it, this item is consumed and prevents the holder's HP from lowering below 1.  This effect works against multi-hit attacks, but does not work against the effects of Doom Desire or Future Sight.",,"false",,,,,,,""
"139","aguav berry","80","Held in battle:   When the holder has 1/2 its max HP remaining or less, it consumes this item to restore 1/8 its max HP.  If the holder dislikes bitter flavors (i.e., has a nature that lowers Special Defense), it will also become confused.",,"false",,,,,,,""
"500","data card 15","0","Records the number of times the trainer's Pokémon have fallen in the Pokéathlon.",,"false",,,,,,,""
"558","powder jar","0","Holds Berry Powder from Berry Crushing.",,"false",,,,,,,""
"454","friend ball","0","Used by a trainer in battle:   Attempts to catch a wild Pokémon.  If used in a trainer battle, nothing happens and the ball is lost.    If caught, the wild Pokémon's happiness starts at 200.",,"false",,,"1","200",,,""
"240","green scarf","100","Held: Increases the holder's Smartness during a Super Contest's Visual Competition.",,"false",,,,,,,""
"440","storage key","0","Grants access to the Team Galactic warehouse in Veilstone City.",,"false",,,,,,,""
"64","fluffy tail","100","Used in battle:   Ends a wild battle.  Cannot be used in trainer battles.",,"false",,,,,,,""
"234","metal powder","1000","Held by Ditto: Increases the holder's initial Defense and Special Defense by 50%.",,"false",,,,,,,""
"422","old rod","0","Used to find Pokémon on the Old Rod list for an area, which are generally Magikarp or similar.",,"false",,,,,,,""
"297","pure incense","6000","Held by lead Pokémon: Prevents wild battles with Pokémon that are lower level than the holder.",,"false",,,,,,,""
"201","cleanse tag","5000","Held by lead Pokémon: Prevents wild battles with Pokémon that are lower level than the holder.",,"false",,,,,,,""
"178","liechi berry","80","Held in battle:   When the holder has 1/4 its max HP remaining or less, it consumes this item to raise its Attack by one stage.",,"false",,,,,,,""
"411","seal case","0","Contains Seals used for decorating Pokéballs.",,"false",,,,,,,""
"248","power herb","4000","Held: Whenever the holder uses a move that requires a turn to charge first (Bounce, Dig, Dive, Fly, Razor Wind, Skull Bash, Sky Attack, or Solarbeam), this item is consumed and the charge is skipped.  Skull Bash still provides a Defense boost.",,"false",,,,,,,""
"444","gracidea","0","Used by trainer on a shaymin:   Changes the target Shaymin from Land Forme to Sky Forme.    This item cannot be used on a frozen Shaymin or at night.  Sky Forme Shaymin will revert to Land Forme overnight, when frozen, and upon entering a link battle.  This item must be used again to change it back.",,"false",,,,,,,""
"179","ganlon berry","80","Held in battle:   When the holder has 1/4 its max HP remaining or less, it consumes this item to raise its Defense by one stage.",,"false",,,,,,,""
"119","steel mail","50","Used to send short messages to other players via Pokémon trading.  Trainer may compose a message from a finite list of words when giving this item to a Pokémon.  Once taken and read, a message may be erased and this item can be reused, or the message may be stored in the trainer's PC.Held:   Holder cannot be placed in the PC.  Any move attempting to remove this item from the holder will fail.",,"false",,,,,,,""
"149","hondew berry","80","Used on a party Pokémon:   Increases happiness by 10/5/2.  Lowers Special Attack effort by 10.",,"false",,,,,,,""
"54","old gateau","350","Used on a party Pokémon:   Cures any status ailment and confusion.",,"false",,,,,,,""
"451","moon ball","0","Used by trainer in battle:   Attempts to catch a wild Pokémon.  If used in a trainer battle, nothing happens and the ball is lost.    If the wild Pokémon is a clefairy, nidoran m, nidoran f, jigglypuff, skitty, or any evolution thereof, the wild Pokémon has 4× its catch rate.",,"false",,,"4","4",,,""
"161","occa berry","80","Held in battle:   When the holder would take super-effective fire-type damage, it consumes this item to halve the amount of damage taken.",,"false",,,,,,,""
"466","rage candy bar","350","May be traded for a tm64 in the vertical Underground Path.",,"false",,,,,,,""
"110","oval stone","2000","Held by happiny:   Holder evolves into chansey when it levels up during the daytime.",,"false",,,,,,,""
"503","data card 18","0","Records the number of times the trainer has come in first in the Pokéathlon Circle Push.",,"false",,,,,,,""
"81","moon stone","3000","Used on a party Pokémon:   Evolves a clefairy into clefable, a jigglypuff into wigglytuff, a munna into musharna, a nidorina into nidoqueen, a nidorino into nidoking, or a skitty into delcatty.",,"false",,,,,,,""
"144","wepear berry","20","No effect; only useful for planting and cooking.",,"false",,,,,,,""
"17","potion","200","Used on a friendly Pokémon:   Restores 20 HP.","20","false",,,,,,,""
"298","protector","2000","Held by Rhydon: Evolves the holder into Rhyperior when traded.",,"false",,,,,,,""
"377","tm73","1000","Teaches Thunder Wave to a compatible Pokémon.",,"false",,,,,,,"thunder wave"
"107","shiny stone","3000","Used on a party Pokémon:   Evolves a minccino into cinccino, a roselia into roserade, or a togetic into togekiss.",,"false",,,,,,,""
"253","zoom lens","4000","Held: Raises the holder's Accuracy by 20% when it goes last.Ingame description is incorrect.",,"false",,,,,,,""
"163","wacan berry","80","Held in battle:   When the holder would take super-effective electric-type damage, it consumes this item to halve the amount of damage taken.",,"false",,,,,,,""
"492","data card 07","0","Records the number of times the trainer has come in first in the Pokéathlon Pennant Capture.",,"false",,,,,,,""
"243","muscle band","4000","Held: Increases the power of the holder's physical moves by 10%.",,"false",,,,,,,""
"126","cheri berry","80","Held in battle:   When the holder is paralyzed, it consumes this item to cure the paralysis.Used on a party Pokémon:   Cures paralysis.",,"false",,,,,,,""
"5","safari ball","0","Used in battle:   Attempts to catch a wild Pokémon, using a catch rate of 1.5×.This item can only be used in the great marsh or kanto safari zone.",,"false",,,"5","1",,,""
"188","jaboca berry","80","Held in battle:   When the holder takes physical damage, it consumes this item to damage the attacking Pokémon for 1/8 its max HP.",,"false",,,,,,,""
"357","tm53","1000","Teaches Energy Ball to a compatible Pokémon.",,"false",,,,,,,"energy ball"
"278","meadow plate","1000","Held: Increases the power of the holder's Grass moves by 20%.Held by a Multitype Pokémon: Holder's type becomes Grass.",,"false",,,,,,,""
"518","mech mail","50","Used to send short messages to other players via Pokémon trading.  Trainer may compose a message from a finite list of words when giving this item to a Pokémon.  Once taken and read, a message may be erased and this item can be reused, or the message may be stored in the trainer's PC.Held:   Holder cannot be placed in the PC.  Any move attempting to remove this item from the holder will fail.",,"false",,,,,,,""
"351","tm47","1000","Teaches Steel Wing to a compatible Pokémon.",,"false",,,,,,,"explosion"
"390","tm86","1000","Teaches Grass Knot to a compatible Pokémon.",,"false",,,,,,,"grass knot"
"127","chesto berry","80","Held in battle:   When the holder is asleep, it consumes this item to wake up.Used on a party Pokémon:   Cures sleep.",,"false",,,,,,,""
"266","power bracer","3000","Held: Decreases the holder's Speed by 50%.  Whenever the holder gains Attack effort from battle, increases that effort by 4; this applies before the PokéRUS doubling effect.",,"false",,,,,,,""
"135","sitrus berry","80","Held in battle:   When the holder has 1/2 its max HP remaining or less, it consumes this item to restore 1/4 its max HP.Used on a party Pokémon:   Restores 1/4 the Pokémon's max HP.",,"false",,,,,,,""
"511","data card 26","0","Records the number of times the trainer has instructed Pokémon in the Pokéathlon.",,"false",,,,,,,""
"478","lost item","0","May be traded to the Copycat for a pass.",,"false",,,,,,,""
"238","blue scarf","100","Held: Increases the holder's Beauty during a Super Contest's Visual Competition.",,"false",,,,,,,""
"517","glitter mail","50","Used to send short messages to other players via Pokémon trading.  Trainer may compose a message from a finite list of words when giving this item to a Pokémon.  Once taken and read, a message may be erased and this item can be reused, or the message may be stored in the trainer's PC.Held:   Holder cannot be placed in the PC.  Any move attempting to remove this item from the holder will fail.",,"false",,,,,,,""
"504","data card 19","0","Records the number of times the trainer has come in first place overall in the Pokéathlon over wirelss.",,"false",,,,,,,""
"410","journal","0","Records some of the trainer's activities for the day.",,"false",,,,,,,""
"194","quick claw","4000","Held in battle:   Whenever the holder attempts to use a move, it has a 3/16 chance to act first among moves with the same priority.  If multiple Pokémon have this effect at the same time, Speed is the tie-breaker as normal, but the effect of trick room is ignored.",,"false",,,,,,,""
"3","great ball","600","Used in battle:   Attempts to catch a wild Pokémon, using a catch rate of 1.5×.    If used in a trainer battle, nothing happens and the ball is lost.",,"false",,,"5","1",,,""
"286","stone plate","1000","Held: Increases the power of the holder's Rock moves by 20%.Held by a Multitype Pokémon: Holder's type becomes Rock.",,"false",,,,,,,""
"142","bluk berry","20","No effect; only useful for planting and cooking.",,"false",,,,,,,""
"195","soothe bell","4000","Held:   When the holder would earn happiness for any reason, it earns twice that amount instead.",,"false",,,,,,,""
"33","moomoo milk","600","Used on a party Pokémon:   Restores 100 HP.","100","false",,,,,,,""
"300","magmarizer","2000","Held by Magmar: Evolves the holder into Magmortar when traded.",,"false",,,,,,,""
"441","secret potion","0","Required to cure the Psyducks blocking Route 210 of their chronic headaches.",,"false",,,,,,,""
"354","tm50","10000","Teaches Overheat to a compatible Pokémon.",,"false",,,,,,,"substitute"
"137","wiki berry","80","Held in battle:   When the holder has 1/2 its max HP remaining or less, it consumes this item to restore 1/8 its max HP.  If the holder dislikes dry flavors (i.e., has a nature that lowers Special Attack), it will also become confused.",,"false",,,,,,,""
"9","repeat ball","1000","Used in battle:   Attempts to catch a wild Pokémon.  If the wild Pokémon's species is marked as caught in the trainer's Pokédex, this ball has a catch rate of 3×.  Otherwise, it has a catch rate of 1×.    If used in a trainer battle, nothing happens and the ball is lost.",,"false",,,"3","1",,,""
"153","magost berry","20","No effect; only useful for planting and cooking.",,"false",,,,,,,""
"289","dread plate","1000","Held: Increases the power of the holder's Dark moves by 20%.Held by a Multitype Pokémon: Holder's type becomes Dark.",,"false",,,,,,,""
"273","big root","4000","Held: HP restored from Absorb, Aqua Ring, Drain Punch, Dream Eater, Giga Drain, Ingrain, Leech Life, Leech Seed, and Mega Drain is increased by 30%.  Damage inflicted is not affected.",,"false",,,,,,,""
"449","lure ball","0","Used by trainer in battle:   Attempts to catch a wild Pokémon.  If used in a trainer battle, nothing happens and the ball is lost.    If the wild Pokémon was encountered by fishing, the wild Pokémon's catch rate is 3× normal.",,"false",,,"3","3",,,""
"545","bike voucher","0","May be traded for a bicycle.",,"false",,,,,,,""
"295","rose incense","2000","Held: Increases the power of the holder's Grass moves by 20%.",,"false",,,,,,,""
"513","lock capsule","0","Does nothing.",,"false",,,,,,,""
"304","razor fang","5000","Held: When the holder attacks with most damaging moves, provides an extra 11.7% (30/256) chance for the target to flinch.Held by Gligar: Evolves the holder into Gliscor when it levels up.",,"false",,,,,,,""
"77","max repel","900","Used outside of battle:   Trainer will skip encounters with wild Pokémon of a lower level than the lead party Pokémon.  This effect wears off after the trainer takes 250 steps.",,"false",,,,,,,""
"293","full incense","5000","Held: The holder will go last within its move's priority bracket, regardless of Speed.  If multiple Pokémon within the same priority bracket are subject to this effect, the slower Pokémon will go first.  The holder will move after Pokémon with Stall.  If the holder has Stall, Stall is ignored.  This item ignores Trick Room.",,"false",,,,,,,""
"71","shoal shell","20","No effect.",,"false",,,,,,,""
"323","tm19","10000","Teaches Giga Drain to a compatible Pokémon.",,"false",,,,,,,"seismic toss"
"6","net ball","1000","Used in battle:   Attempts to catch a wild Pokémon.  If the wild Pokémon is water- or bug-type, this ball has a catch rate of 3×.  Otherwise, it has a catch rate of 1×.    If used in a trainer battle, nothing happens and the ball is lost.",,"false",,,"3","1",,,""
"338","tm34","10000","Teaches Shock Wave to a compatible Pokémon.",,"false",,,,,,,"bide"
"345","tm41","10000","Teaches Torment to a compatible Pokémon.",,"false",,,,,,,"soft boiled"
"262","damp rock","4000","Held: The holder's Rain Dance will create rain lasting for eight turns rather than five.  As this item affects the move rather than the weather itself, the effect is not lost if the holder leaves battle or drops this item.",,"false",,,,,,,""
"399","hm03","0","Teaches Surf to a compatible Pokémon.",,"false",,,,,,,"surf"
"490","data card 05","0","Records the number of times the trainer has come in first in the Pokéathlon Hurdle Dash.",,"false",,,,,,,""
"39","max ether","2000","Used on a party Pokémon:   Restores PP to full for a selected move.",,"false",,,,,,,""
"365","tm61","30000","Teaches Will-O-Wisp to a compatible Pokémon.",,"false",,,,,,,"will o wisp"
"301","dubious disc","2000","Held by Porygon2: Evolves the holder into Porygon-Z when traded.",,"false",,,,,,,""
"140","iapapa berry","80","Held in battle:   When the holder has 1/2 its max HP remaining or less, it consumes this item to restore 1/8 its max HP.  If the holder dislikes sour flavors (i.e., has a nature that lowers Defense), it will also become confused.",,"false",,,,,,,""
"61","x sp atk","1000","Used on a party Pokémon in battle:   Raises the target's Special Attack by one stage.  Increases happiness by 1/1/0.",,"false","attack","25",,,,,""
"498","data card 13","0","Records the number of times the trainer's Pokémon have defeated themselves in the Pokéathlon.",,"false",,,,,,,""
"257","destiny knot","4000","Held: When the holder becomes Attracted, the Pokémon it is Attracted to becomes Attracted back.",,"false",,,,,,,""
"343","tm39","1000","Teaches Rock Tomb to a compatible Pokémon.",,"false",,,,,,,"swift"
"59","x speed","1000","Used on a party Pokémon in battle:   Raises the target's Speed by one stage.  Increases happiness by 1/1/0.",,"false","speed","31",,,,,""
"496","data card 11","0","Records the number of points the trainer has earned in the Pokéathlon.",,"false",,,,,,,""
"10","timer ball","1000","Used in battle:   Attempts to catch a wild Pokémon.  Has a catch rate of 1.1× on the first turn of the battle and increases by 0.1× every turn, to a maximum of 4× on turn 30.    If used in a trainer battle, nothing happens and the ball is lost.",,"false",,,"4","0",,,""
"145","pinap berry","200","No effect; only useful for planting and cooking.",,"false",,,,,,,""
"339","tm35","10000","Teaches Flamethrower to a compatible Pokémon.",,"false",,,,,,,"metronome"
"461","green apricorn","200","May be given to Kurt in azalea town to produce a friend ball.",,"false",,,,,,,""
"383","tm79","1000","Teaches Dark Pulse to a compatible Pokémon.",,"false",,,,,,,"dark pulse"
"397","hm01","0","Teaches Cut to a compatible Pokémon.",,"false",,,,,,,"cut"
"437","coupon 1","0","One of three coupons needed to receive a Pokétch.",,"false",,,,,,,""
"392","tm88","20000","Teaches Pluck to a compatible Pokémon.",,"false",,,,,,,"pluck"
"74","yellow shard","1000","No effect.In Diamond and Pearl, trade ten for a sandstorm TM in the house midway along the southern section of sinnoh route 212.In Platinum, trade to move tutors on sinnoh route 212, in snowpoint city, and in the survival area.  Eight shards total are required per tutelage, but the particular combination of colors varies by move.In HeartGold and SoulSilver, trade one for an aspear berry, a iapapa berry, and a sitrus berry with the Juggler near the Pokémon Center in violet city.In HeartGold and SoulSilver, trade one for a grepa berry, a nomel berry, and a pinap berry with the Juggler near the pal park entrance in fuchsia city.",,"false",,,,,,,""
"521","bead mail","50","Used to send short messages to other players via Pokémon trading.  Trainer may compose a message from a finite list of words when giving this item to a Pokémon.  Once taken and read, a message may be erased and this item can be reused, or the message may be stored in the trainer's PC.Held:   Holder cannot be placed in the PC.  Any move attempting to remove this item from the holder will fail.",,"false",,,,,,,""
"497","data card 12","0","Records the number of times the trainer's Pokémon have messed up in the Pokéathlon.",,"false",,,,,,,""
"19","burn heal","200","Used on a party Pokémon:   Cures a burn.",,"false",,,,,,,""
"514","photo album","0","Does nothing.",,"false",,,,,,,""
"166","chople berry","80","Held in battle:   When the holder would take super-effective fighting-type damage, it consumes this item to halve the amount of damage taken.",,"false",,,,,,,""
"87","big mushroom","5000","Vendor trash.",,"false",,,,,"1","5000",""
"544","poke flute","0","Wakes up sleeping Pokémon.  Required to wake up sleeping snorlax on the overworld.",,"false",,,,,,,""
"49","calcium","10000","Used on a party Pokémon:   Increases Special Attack effort by 10, but won't increase it beyond 100.  Increases happiness by 5/3/2.",,"false",,,,,,,""
"164","rindo berry","80","Held in battle:   When the holder would take super-effective grass-type damage, it consumes this item to halve the amount of damage taken.",,"false",,,,,,,""
"322","tm18","10000","Teaches Rain Dance to a compatible Pokémon.",,"false",,,,,,,"counter"
"46","protein","10000","Used on a party Pokémon:   Increases Attack effort by 10, but won't increase it beyond 100.  Increases happiness by 5/3/2.",,"false",,,,,,,""
"540","rm 4 key","0","Unlocks room 4 on the abandoned ship.",,"false",,,,,,,""
"401","hm05","0","Teaches Defog to a compatible Pokémon.",,"false",,,,,,,"flash"
"205","smoke ball","4000","Held: In wild battles, attempts to run away on the holder's turn will always succeed.",,"false",,,,,,,""
"112","adamant orb","0","Held by dialga:   Holder's dragon- and steel-type moves have 1.2× their usual power.",,"false",,,,,,,""
"44","sacred ash","50000","Used:   Revives all fainted Pokémon in the party and restores their HP to full.","","true",,,,,,,""
"103","old amber","10000","Give to a scientist in the mining museum in oreburgh city or the Museum of Science in pewter city to receive a aerodactyl.",,"false",,,,,,,""
"42","lava cookie","350","Used on a party Pokémon:   Cures any status ailment and confusion.",,"false",,,,,,,""
"244","wise glasses","4000","Held: Increases the power of the holder's special moves by 10%.",,"false",,,,,,,""
"519","wood mail","50","Used to send short messages to other players via Pokémon trading.  Trainer may compose a message from a finite list of words when giving this item to a Pokémon.  Once taken and read, a message may be erased and this item can be reused, or the message may be stored in the trainer's PC.Held:   Holder cannot be placed in the PC.  Any move attempting to remove this item from the holder will fail.",,"false",,,,,,,""
"169","coba berry","80","Held in battle:   When the holder would take super-effective flying-type damage, it consumes this item to halve the amount of damage taken.",,"false",,,,,,,""
"62","x sp def","2000","Used on a party Pokémon in battle:   Raises the target's Special Defense by one stage.  Increases happiness by 1/1/0.",,"false","defense","23",,,,,""
"560","sapphire","0","Deliver to Celio for use in the Network Machine.",,"false",,,,,,,""
"141","razz berry","200","No effect; only useful for planting and cooking.",,"false",,,,,,,""
"269","power band","3000","Held: Decreases the holder's Speed by 50%.  Whenever the holder gains Special Defense effort from battle, increases that effort by 4; this applies before the PokéRUS doubling effect.",,"false",,,,,,,""
"316","tm12","50000","Teaches Taunt to a compatible Pokémon.",,"false",,,,,,,"water gun"
"318","tm14","1000","Teaches Blizzard to a compatible Pokémon.",,"false",,,,,,,"blizzard"
"86","tiny mushroom","500","Vendor trash.",,"false",,,,,"1","500",""
"372","tm68","30000","Teaches Giga Impact to a compatible Pokémon.",,"false",,,,,,,"giga impact"
"320","tm16","1000","Teaches Light Screen to a compatible Pokémon.",,"false",,,,,,,"pay day"
"526","retro mail","0","Used to send short messages to other players via Pokémon trading.  Trainer may compose a message from a finite list of words when giving this item to a Pokémon.  Once taken and read, a message may be erased and this item can be reused, or the message may be stored in the trainer's PC.Held:   Holder cannot be placed in the PC.  Any move attempting to remove this item from the holder will fail.",,"false",,,,,,,""
"272","shed shell","4000","Held: The holder is unaffected by any moves or abilities that would prevent it from actively leaving battle.",,"false",,,,,,,""
"536","go goggles","0","Allows the trainer to enter the desert on hoenn route 111.",,"false",,,,,,,""
"206","everstone","3000","Held: Prevents the holder from evolving naturally.  Evolution initiated by the trainer (Stones, etc) will still work.",,"false",,,,,,,""
"384","tm80","1000","Teaches Rock Slide to a compatible Pokémon.",,"false",,,,,,,"rock slide"
"308","tm04","50000","Teaches Calm Mind to a compatible Pokémon.",,"false",,,,,,,"whirlwind"
"63","poke doll","300","Used in battle:   Ends a wild battle.  Cannot be used in trainer battles.",,"false",,,,,,,""
"207","focus band","4000","Held: If the holder is attacked for regular damage that would faint it, this item has a 10% chance to prevent the holder's HP from lowering below 1.",,"false",,,,,,,""
"488","data card 03","0","Records the number of times the trainer's Pokémon have dashed in the Pokéathlon.",,"false",,,,,,,""
"495","data card 10","0","Records the number of times the trainer has come in first in the Pokéathlon Snow Throw.",,"false",,,,,,,""
"559","ruby","0","Deliver to Celio for use in the Network Machine.",,"false",,,,,,,""
"173","kasib berry","80","Held in battle:   When the holder would take super-effective ghost-type damage, it consumes this item to halve the amount of damage taken.",,"false",,,,,,,""
"177","chilan berry","80","Held in battle:   When the holder would take normal-type damage, it consumes this item to halve the amount of damage taken.",,"false",,,,,,,""
"369","tm65","1000","Teaches Shadow Claw to a compatible Pokémon.",,"false",,,,,,,"shadow claw"
"414","pal pad","0","Contains friend codes for up to 32 other players, as well as their sprite, gender, and basic statistics for those that have been seen on WFC.",,"false",,,,,,,""
"94","honey","900","Used outside of battle:   Immediately triggers a wild Pokémon battle, as long as the trainer is somewhere with wild Pokémon—i.e., in tall grass, in a cave, or surfing.Can be smeared on sweet-smelling trees to attract tree-dwelling Pokémon after six hours.",,"false",,,,,,,""
"223","never melt ice","1000","Held: Increases the power of the holder's Ice moves by 20%.",,"false",,,,,,,""
"352","tm48","1000","Teaches Skill Swap to a compatible Pokémon.",,"false",,,,,,,"rock slide"
"416","old charm","0","Given to Cynthia's grandmother to get the Surf HM.",,"false",,,,,,,""
"265","sticky barb","4000","Held: Damaged the holder for 1/8 its max HP.  When the holder is struck by a contact move, damages the attacker for 1/8 its max HP; if the attacker is not holding an item, it will take this item.",,"false",,,,,,,""
"187","custap berry","80","Held in battle:   When the holder has 1/4 its max HP remaining or less, it consumes this item.  On the following turn, the holder will act first among moves with the same priority, regardless of Speed.",,"false",,,,,,,""
"260","smooth rock","4000","Held: The holder's Sandstorm will create a sandstorm lasting for eight turns rather than five.  As this item affects the move rather than the weather itself, the effect is not lost if the holder leaves battle or drops this item.",,"false",,,,,,,""
"258","black sludge","4000","Held: If the holder is Poison-type, restores 1/16 max HP at the end of each turn.  Otherwise, damages the holder by 1/16 its max HP at the end of each turn.",,"false",,,,,,,""
"229","up grade","2000","Held by Porygon: Evolves the holder into Porygon2 when traded.",,"false",,,,,,,""
"347","tm43","1000","Teaches Secret Power to a compatible Pokémon.",,"false",,,,,,,"sky attack"
"284","mind plate","1000","Held: Increases the power of the holder's Psychic moves by 20%.Held by a Multitype Pokémon: Holder's type becomes Psychic.",,"false",,,,,,,""
"380","tm76","10000","Teaches Stealth Rock to a compatible Pokémon.",,"false",,,,,,,"stealth rock"
"418","red chain","0","Unused.",,"false",,,,,,,""
"88","pearl","2000","Vendor trash.",,"false",,,,,"1","1400",""
"261","heat rock","4000","Held: The holder's Sunny Day will create sunshine lasting for eight turns rather than five.  As this item affects the move rather than the weather itself, the effect is not lost if the holder leaves battle or drops this item.",,"false",,,,,,,""
"376","tm72","50000","Teaches Avalanche to a compatible Pokémon.",,"false",,,,,,,"avalanche"
"31","soda pop","300","Used on a party Pokémon:   Restores 60 HP.","60","false",,,,,,,""
"541","rm 6 key","0","Unlocks room 6 on the abandoned ship.",,"false",,,,,,,""
"332","tm28","100000","Teaches Dig to a compatible Pokémon.",,"false",,,,,,,"dig"
"353","tm49","1000","Teaches Snatch to a compatible Pokémon.",,"false",,,,,,,"tri attack"
"374","tm70","50000","Teaches Flash to a compatible Pokémon.",,"false",,,,,,,"flash"
"28","revive","2000","Used on a party Pokémon:   Revives the Pokémon and restores half its HP.","","true",,,,,,,""
"328","tm24","1000","Teaches Thunderbolt to a compatible Pokémon.",,"false",,,,,,,"thunderbolt"
"389","tm85","1000","Teaches Dream Eater to a compatible Pokémon.",,"false",,,,,,,"dream eater"
"413","seal bag","0","Unused.",,"false",,,,,,,""
"29","max revive","4000","Used on a party Pokémon:   Revives the Pokémon and restores its HP to full.","","true",,,,,,,""
"512","data card 27","0","Records the total time spent in the Pokéathlon.",,"false",,,,,,,""
"555","tea","0","Used to bribe the saffron city guards for entry to the city.",,"false",,,,,,,""
"82","fire stone","3000","Used on a party Pokémon:   Evolves an eevee into flareon, a growlithe into arcanine, a pansear into simisear, or a vulpix into ninetales.",,"false",,,,,,,""
"24","max potion","2500","Used on a party Pokémon:   Restores HP to full.","","false",,,,,,,""
"313","tm09","50000","Teaches Bullet Seed to a compatible Pokémon.",,"false",,,,,,,"take down"
"90","stardust","3000","Vendor trash.",,"false",,,,,"1","2000",""
"186","micle berry","80","Held in battle:   When the holder has 1/4 its max HP remaining or less, it consumes this item, and its next used move has 1.2× its normal accuracy.",,"false",,,,,,,""
"459","blue apricorn","200","May be given to Kurt in azalea town to produce a lure ball.",,"false",,,,,,,""
"151","tamato berry","80","Used on a party Pokémon:   Increases happiness by 10/5/2.  Lowers Speed effort by 10.",,"false",,,,,,,""
"124","mosaic mail","50","Used to send short messages to other players via Pokémon trading.  Trainer may compose a message from a finite list of words when giving this item to a Pokémon.  Once taken and read, a message may be erased and this item can be reused, or the message may be stored in the trainer's PC.Held:   Holder cannot be placed in the PC.  Any move attempting to remove this item from the holder will fail.",,"false",,,,,,,""
"116","bubble mail","50","Used to send short messages to other players via Pokémon trading.  Trainer may compose a message from a finite list of words when giving this item to a Pokémon.  Once taken and read, a message may be erased and this item can be reused, or the message may be stored in the trainer's PC.Held:   Holder cannot be placed in the PC.  Any move attempting to remove this item from the holder will fail.",,"false",,,,,,,""
"321","tm17","10000","Teaches Protect to a compatible Pokémon.",,"false",,,,,,,"submission"
"550","tm case","0","Stores TMs and HMs.",,"false",,,,,,,""
"56","dire hit","1000","Used on a party Pokémon in battle:   Increases the target's critical hit chance by one stage until it leaves the field.  Increases happiness by 1/1/0.",,"false",,,,,,,""
"520","wave mail","50","Used to send short messages to other players via Pokémon trading.  Trainer may compose a message from a finite list of words when giving this item to a Pokémon.  Once taken and read, a message may be erased and this item can be reused, or the message may be stored in the trainer's PC.Held:   Holder cannot be placed in the PC.  Any move attempting to remove this item from the holder will fail.",,"false",,,,,,,""
"532","pokeblock case","0","Stores Pokéblocks.",,"false",,,,,,,""
"215","hard stone","1000","Held: Increases the power of the holder's Rock moves by 20%.",,"false",,,,,,,""
"302","reaper cloth","2000","Held by Dusclops: Evolves the holder into Dusknoir when traded.",,"false",,,,,,,""
"442","griseous orb","0","Held by giratina:   Holder's dragon and ghost moves have 1.2× their base power.    Holder is in Origin Forme.This item cannot be held by any Pokémon but Giratina.  When you enter the Union Room or connect to Wi-Fi, this item returns to your bag.",,"false",,,,,,,""
"21","awakening","200","Used on a party Pokémon:   Cures sleep.",,"false",,,,,,,""
"80","sun stone","3000","Used on a party Pokémon:   Evolves a cottonee into whimsicott, a gloom into bellossom, a petilil into lilligant, or a sunkern into sunflora.",,"false",,,,,,,""
"333","tm29","1000","Teaches Psychic to a compatible Pokémon.",,"false",,,,,,,"psychic"
"539","rm 2 key","0","Unlocks room 2 on the abandoned ship.",,"false",,,,,,,""
"468","blue orb","0","Causes kyogre to appear in the embedded tower.",,"false",,,,,,,""
"543","oaks parcel","0","A parcel to be delivered to Professor Oak for a Pokédex.",,"false",,,,,,,""
"355","tm51","1000","Teaches Roost to a compatible Pokémon.",,"false",,,,,,,"roost"
"378","tm74","1000","Teaches Gyro Ball to a compatible Pokémon.",,"false",,,,,,,"gyro ball"
"447","berry pots","0","Contains four portable pots of soil suitable for growing berries.",,"false",,,,,,,""
"16","cherish ball","0","Used in battle:   Attempts to catch a wild Pokémon, using a catch rate of 1×.    If used in a trainer battle, nothing happens and the ball is lost.",,"false",,,"1","1",,,""
"104","armor fossil","7000","Give to a scientist in the mining museum in oreburgh city or the Museum of Science in pewter city to receive a shieldon.",,"false",,,,,,,""
"548","silph scope","0","Identifies ghosts in pokemon tower.",,"false",,,,,,,""
"193","exp share","0","Held:   Experience is split across two groups: Pokémon who participated in battle, and Pokémon holding this item.  Each Pokémon earns experience as though it had battled alone, divided by the number of Pokémon in its group, then divided by the number of groups. Pokémon holding this item who also participated in battle effectively earn experience twice.    Fainted Pokémon never earn experience, and empty groups areignored; thus, if a single Pokémon is holding this item and the only Pokémon who battled faints from explosion, the holder will gain full experience.",,"false",,,,,,,""
"341","tm37","1000","Teaches Sandstorm to a compatible Pokémon.",,"false",,,,,,,"egg bomb"
"184","starf berry","80","Held in battle:   When the holder has 1/4 its max HP remaining or less, it consumes this item to raise a random stat by two stages.",,"false",,,,,,,""
"214","soft sand","1000","Held: Increases the power of the holder's Ground moves by 20%.",,"false",,,,,,,""
"263","grip claw","4000","Held: Increases the duration of the holder's multiturn (2-5 turn) moves by three turns.",,"false",,,,,,,""
"43","berry juice","200","Used on a party Pokémon:   Restores 20 HP.","20","false",,,,,,,""
"348","tm44","100000","Teaches Rest to a compatible Pokémon.",,"false",,,,,,,"rest"
"400","hm04","0","Teaches Strength to a compatible Pokémon.",,"false",,,,,,,"strength"
"329","tm25","10000","Teaches Thunder to a compatible Pokémon.",,"false",,,,,,,"thunder"
"197","choice band","4000","Held in battle:   Holder has 1.5× its Attack.  When the holder attempts to use a move, all its other moves are disabled until it leaves battle or loses this item.    The restriction ends even if this item is swapped for another Choice itemvia trick or switcheroo.",,"false",,,,,,,""
"224","spell tag","1000","Held: Increases the power of the holder's Ghost moves by 20%.",,"false",,,,,,,""
"456","park ball","0","Used by a trainer in battle:   Catches a wild Pokémon.This item can only be used in pal park.",,"false",,,"1","1",,,""
"268","power lens","3000","Held: Decreases the holder's Speed by 50%.  Whenever the holder gains Special Attack effort from battle, increases that effort by 4; this applies before the PokéRUS doubling effect.",,"false",,,,,,,""
"428","suite key","0","Opens the locked building in the lakeside resort.",,"false",,,,,,,""
"311","tm07","1000","Teaches Hail to a compatible Pokémon.",,"false",,,,,,,"horn drill"
"15","quick ball","1000","Used in battle:   Attempts to catch a wild Pokémon, using a catch rate of 4× on the first turn of a battle, but 1× any other time.    If used in a trainer battle, nothing happens and the ball is lost.",,"false",,,"4","1",,,""
"467","red orb","0","Causes groudon to appear in the embedded tower.",,"false",,,,,,,""
"359","tm55","10000","Teaches Brine to a compatible Pokémon.",,"false",,,,,,,"brine"
"450","level ball","0","Used by trainer in battle:   Attempts to catch a wild Pokémon.  If used in a trainer battle, nothing happens and the ball is lost.    If the trainer's Pokémon's level is higher than:    * four times the wild Pokémon's, the wild Pokémon's catch rate is 8× normal.    * than twice the wild Pokémon's, the wild Pokémon's catch rate is 4× normal.    * the wild Pokémon's, the wild Pokémon's catch rate is 2× normal.",,"false",,,"8","2",,,""
"211","leftovers","4000","Held: Heals the holder by 1/16 its max HP at the end of each turn.",,"false",,,,,,,""
"285","insect plate","1000","Held: Increases the power of the holder's Bug moves by 20%.Held by a Multitype Pokémon: Holder's type becomes Bug.",,"false",,,,,,,""
"245","expert belt","4000","Held: When the holder hits with a super-effective move, its power is raised by 20%.",,"false",,,,,,,""
"227","dragon fang","1000","Held: Increases the power of the holder's Dragon moves by 20%.",,"false",,,,,,,""
"241","yellow scarf","100","Held: Increases the holder's Toughness during a Super Contest's Visual Competition.",,"false",,,,,,,""
"331","tm27","1000","Teaches Return to a compatible Pokémon.",,"false",,,,,,,"fissure"
"233","lucky punch","1000","Held by Chansey: Raises the holder's critical hit counter by 2.",,"false",,,,,,,""
