"trainer","pokemon","slot","hp","status"
"0","0","1","17","none"
"0","1","2","8","freeze"
"0","2","3","0","none"
"0","3","4","0","none"
"0","4","5","8","none"
"0","5","6","30","none"
"1","10","1","6","none"
"1","11","2","6","none"
"1","12","3","10","none"
"1","13","4","17","none"
"1","14","5","17","none"
"1","15","6","3","none"
"2","42","1","19","burn"
"2","43","2","18","none"
"2","44","3","3","none"
"2","45","4","7","none"
"2","46","5","0","none"
"2","47","6","0","none"
"3","86","1","14","none"
"3","87","2","7","none"
"3","88","3","0","none"
"3","89","4","0","none"
"3","90","5","28","none"
"3","91","6","22","none"
"4","120","1","6","none"
"4","121","2","26","none"
"4","122","3","19","none"
"4","123","4","18","none"
"4","124","5","0","none"
"4","125","6","0","freeze"
"5","130","1","19","none"
"5","131","2","0","none"
"5","132","3","16","none"
"5","133","4","0","none"
"5","134","5","23","confusion"
"5","135","6","22","none"
"6","160","1","20","none"
"6","161","2","0","none"
"6","162","3","7","none"
"6","163","4","0","none"
"6","164","5","13","none"
"6","165","6","11","none"
"7","189","1","0","none"
"7","190","2","3","none"
"7","191","3","8","none"
"7","192","4","0","none"
"7","193","5","1","none"
"7","194","6","9","none"
"8","204","1","0","none"
"8","205","2","0","none"
"8","206","3","1","none"
"8","207","4","0","none"
"8","208","5","15","none"
"8","209","6","10","none"
"9","225","1","76","none"
"9","226","2","0","none"
"9","227","3","0","none"
"9","228","4","22","none"
"9","229","5","11","none"
"9","230","6","0","none"
"10","254","1","1","none"
"10","255","2","21","none"
"10","256","3","0","none"
"10","257","4","0","none"
"10","258","5","2","none"
"10","259","6","33","none"
"11","263","1","5","none"
"11","264","2","5","sleep"
"11","265","3","18","none"
"11","266","4","0","none"
"11","267","5","5","none"
"11","268","6","0","none"
"12","293","1","2","none"
"12","294","2","6","none"
"12","295","3","0","none"
"12","296","4","13","none"
"12","297","5","2","none"
"12","298","6","13","none"
"13","306","1","59","none"
"13","307","2","0","none"
"13","308","3","27","none"
"13","309","4","16","none"
"13","310","5","14","none"
"13","311","6","0","none"
"14","331","1","0","none"
"14","332","2","11","none"
"14","333","3","0","none"
"14","334","4","21","none"
"14","335","5","0","confusion"
"14","336","6","0","none"
"15","371","1","34","none"
"15","372","2","12","none"
"15","373","3","2","paralysis"
"15","374","4","10","none"
"15","375","5","0","none"
"15","376","6","0","confusion"
"16","387","1","0","none"
"16","388","2","19","none"
"16","389","3","0","none"
"16","390","4","0","none"
"16","391","5","0","none"
"16","392","6","28","none"
"17","407","1","17","poison"
"17","408","2","0","none"
"17","409","3","0","none"
"17","410","4","0","none"
"17","411","5","38","poison"
"17","412","6","27","none"
"18","425","1","0","none"
"18","426","2","0","none"
"18","427","3","0","none"
"18","428","4","20","none"
"18","429","5","13","freeze"
"18","430","6","11","none"
"19","469","1","0","none"
"19","470","2","0","none"
"19","471","3","0","none"
"19","472","4","11","none"
"19","473","5","28","freeze"
"19","474","6","46","none"
"20","510","1","12","none"
"20","511","2","8","none"
"20","512","3","0","none"
"20","513","4","28","none"
"20","514","5","0","none"
"20","515","6","19","none"
"21","529","1","0","none"
"21","530","2","0","none"
"21","531","3","23","none"
"21","532","4","19","none"
"21","533","5","12","none"
"21","534","6","0","none"
"22","573","1","0","none"
"22","574","2","11","none"
"22","575","3","0","none"
"22","576","4","0","none"
"22","577","5","10","none"
"22","578","6","0","none"
"23","612","1","39","none"
"23","613","2","4","none"
"23","614","3","70","none"
"23","615","4","50","none"
"23","616","5","0","none"
"23","617","6","40","none"
"24","656","1","0","none"
"24","657","2","0","none"
"24","658","3","0","none"
"24","659","4","23","none"
"24","660","5","18","none"
"24","661","6","1","none"
"25","694","1","20","none"
"25","695","2","20","none"
"25","696","3","20","none"
"25","697","4","0","none"
"25","698","5","0","none"
"25","699","6","0","none"
"26","737","1","34","none"
"26","738","2","56","none"
"26","739","3","0","none"
"26","740","4","51","none"
"26","741","5","0","none"
"26","742","6","22","none"
"27","761","1","64","none"
"27","762","2","47","poison"
"27","763","3","0","none"
"27","764","4","18","none"
"27","765","5","45","none"
"27","766","6","24","none"
"28","784","1","84","none"
"28","785","2","34","confusion"
"28","786","3","0","none"
"28","787","4","0","none"
"28","788","5","0","none"
"28","789","6","24","none"
"29","795","1","46","none"
"29","796","2","49","none"
"29","797","3","30","none"
"29","798","4","26","confusion"
"29","799","5","52","poison"
"29","800","6","27","none"
"30","811","1","0","none"
"30","812","2","152","none"
"30","813","3","53","confusion"
"30","814","4","15","none"
"30","815","5","37","freeze"
"30","816","6","30","none"
"31","840","1","89","poison"
"31","841","2","46","none"
"31","842","3","0","none"
"31","843","4","34","poison"
"31","844","5","12","none"
"31","845","6","37","none"
"32","848","1","0","none"
"32","849","2","7","none"
"32","850","3","46","sleep"
"32","851","4","1","none"
"32","852","5","0","none"
"32","853","6","0","none"
"33","873","1","0","none"
"33","874","2","47","none"
"33","875","3","25","none"
"33","876","4","25","none"
"33","877","5","0","none"
"33","878","6","41","none"
"34","900","1","0","none"
"34","901","2","8","none"
"34","902","3","44","none"
"34","903","4","0","sleep"
"34","904","5","0","none"
"34","905","6","8","none"
"35","912","1","0","none"
"35","913","2","62","none"
"35","914","3","12","none"
"35","915","4","107","none"
"35","916","5","130","none"
"35","917","6","0","none"
"36","931","1","90","none"
"36","932","2","0","none"
"36","933","3","0","none"
"36","934","4","29","none"
"36","935","5","14","none"
"36","936","6","76","none"
"37","952","1","46","none"
"37","953","2","0","none"
"37","954","3","0","none"
"37","955","4","3","none"
"37","956","5","32","none"
"37","957","6","0","sleep"
"38","995","1","0","burn"
"38","996","2","8","none"
"38","997","3","0","none"
"38","998","4","67","none"
"38","999","5","28","none"
"38","1000","6","0","freeze"
"39","1023","1","47","none"
"39","1024","2","37","none"
"39","1025","3","25","none"
"39","1026","4","0","paralysis"
"39","1027","5","59","none"
"39","1028","6","0","none"
"40","1064","1","31","none"
"40","1065","2","78","none"
"40","1066","3","0","none"
"40","1067","4","45","none"
"40","1068","5","0","none"
"40","1069","6","0","freeze"
"41","1079","1","0","none"
"41","1080","2","0","none"
"41","1081","3","18","none"
"41","1082","4","0","none"
"41","1083","5","44","none"
"41","1084","6","0","none"
"42","1113","1","0","none"
"42","1114","2","0","none"
"42","1115","3","0","none"
"42","1116","4","74","none"
"42","1117","5","9","none"
"42","1118","6","39","paralysis"
"43","1119","1","50","none"
"43","1120","2","7","none"
"43","1121","3","11","none"
"43","1122","4","67","none"
"43","1123","5","5","none"
"43","1124","6","0","confusion"
"44","1141","1","0","none"
"44","1142","2","23","none"
"44","1143","3","27","none"
"44","1144","4","44","none"
"44","1145","5","0","none"
"44","1146","6","107","none"
"45","1176","1","0","confusion"
"45","1177","2","0","none"
"45","1178","3","0","none"
"45","1179","4","45","none"
"45","1180","5","39","none"
"45","1181","6","24","none"
"46","1214","1","0","none"
"46","1215","2","66","none"
"46","1216","3","61","none"
"46","1217","4","0","burn"
"46","1218","5","0","none"
"46","1219","6","64","none"
"47","1231","1","72","none"
"47","1232","2","69","none"
"47","1233","3","54","sleep"
"47","1234","4","72","none"
"47","1235","5","0","none"
"47","1236","6","91","none"
"48","1238","1","0","none"
"48","1239","2","18","none"
"48","1240","3","0","none"
"48","1241","4","80","none"
"48","1242","5","0","paralysis"
"48","1243","6","0","none"
"49","1258","1","0","none"
"49","1259","2","39","none"
"49","1260","3","66","none"
"49","1261","4","0","none"
"49","1262","5","20","none"
"49","1263","6","0","none"
"50","1303","1","72","none"
"50","1304","2","118","none"
"50","1305","3","0","none"
"50","1306","4","47","none"
"50","1307","5","78","none"
"50","1308","6","44","none"
"51","1314","1","21","none"
"51","1315","2","60","none"
"51","1316","3","71","none"
"51","1317","4","39","none"
"51","1318","5","103","none"
"51","1319","6","60","none"
"52","1320","1","68","none"
"52","1321","2","72","none"
"52","1322","3","57","none"
"52","1323","4","61","none"
"52","1324","5","79","none"
"52","1325","6","82","none"
"53","1347","1","66","none"
"53","1348","2","0","none"
"53","1349","3","91","paralysis"
"53","1350","4","73","none"
"53","1351","5","0","none"
"53","1352","6","0","none"
"54","1355","1","0","none"
"54","1356","2","0","none"
"54","1357","3","47","none"
"54","1358","4","8","none"
"54","1359","5","88","none"
"54","1360","6","46","none"
"55","1398","1","0","none"
"55","1399","2","0","paralysis"
"55","1400","3","71","none"
"55","1401","4","74","none"
"55","1402","5","0","none"
"55","1403","6","0","none"
"56","1426","1","28","poison"
"56","1427","2","120","none"
"56","1428","3","0","none"
"56","1429","4","70","poison"
"56","1430","5","65","none"
"56","1431","6","96","none"
"57","1471","1","54","none"
"57","1472","2","0","none"
"57","1473","3","43","none"
"57","1474","4","110","poison"
"57","1475","5","100","none"
"57","1476","6","0","none"
"58","1489","1","18","none"
"58","1490","2","83","none"
"58","1491","3","59","none"
"58","1492","4","0","none"
"58","1493","5","0","none"
"58","1494","6","0","none"
"59","1500","1","8","none"
"59","1501","2","51","freeze"
"59","1502","3","38","none"
"59","1503","4","56","none"
"59","1504","5","0","none"
"59","1505","6","0","none"
"60","1526","1","56","none"
"60","1527","2","58","none"
"60","1528","3","0","none"
"60","1529","4","112","none"
"60","1530","5","0","none"
"60","1531","6","88","none"
"61","1560","1","46","none"
"61","1561","2","29","none"
"61","1562","3","145","poison"
"61","1563","4","45","none"
"61","1564","5","93","none"
"61","1565","6","0","poison"
"62","1566","1","0","none"
"62","1567","2","62","none"
"62","1568","3","0","none"
"62","1569","4","62","none"
"62","1570","5","0","none"
"62","1571","6","68","none"
"63","1610","1","65","freeze"
"63","1611","2","16","none"
"63","1612","3","52","none"
"63","1613","4","5","none"
"63","1614","5","0","none"
"63","1615","6","33","none"
"64","1622","1","88","paralysis"
"64","1623","2","0","none"
"64","1624","3","0","sleep"
"64","1625","4","11","none"
"64","1626","5","52","none"
"64","1627","6","64","none"
"65","1647","1","0","none"
"65","1648","2","53","none"
"65","1649","3","0","none"
"65","1650","4","0","none"
"65","1651","5","81","none"
"65","1652","6","59","none"
"66","1674","1","52","none"
"66","1675","2","0","none"
"66","1676","3","71","sleep"
"66","1677","4","105","none"
"66","1678","5","0","none"
"66","1679","6","15","none"
"67","1699","1","44","none"
"67","1700","2","0","none"
"67","1701","3","0","none"
"67","1702","4","15","none"
"67","1703","5","48","none"
"67","1704","6","25","none"
"68","1742","1","18","none"
"68","1743","2","59","burn"
"68","1744","3","0","none"
"68","1745","4","57","confusion"
"68","1746","5","41","sleep"
"68","1747","6","42","none"
"69","1784","1","0","none"
"69","1785","2","61","none"
"69","1786","3","40","none"
"69","1787","4","62","none"
"69","1788","5","0","none"
"69","1789","6","29","none"
"70","1821","1","89","none"
"70","1822","2","0","none"
"70","1823","3","52","none"
"70","1824","4","0","none"
"70","1825","5","0","none"
"70","1826","6","95","none"
"71","1834","1","42","none"
"71","1835","2","49","none"
"71","1836","3","0","none"
"71","1837","4","74","none"
"71","1838","5","54","none"
"71","1839","6","22","none"
"72","1855","1","8","none"
"72","1856","2","101","none"
"72","1857","3","18","none"
"72","1858","4","57","freeze"
"72","1859","5","54","none"
"72","1860","6","76","none"
"73","1899","1","0","none"
"73","1900","2","52","poison"
"73","1901","3","0","none"
"73","1902","4","0","none"
"73","1903","5","30","none"
"73","1904","6","0","none"
"74","1907","1","0","none"
"74","1908","2","0","none"
"74","1909","3","53","none"
"74","1910","4","0","none"
"74","1911","5","0","none"
"74","1912","6","0","confusion"
"75","1940","1","0","none"
"75","1941","2","12","none"
"75","1942","3","0","none"
"75","1943","4","89","none"
"75","1944","5","32","none"
"75","1945","6","130","none"
"76","1950","1","63","none"
"76","1951","2","0","none"
"76","1952","3","41","none"
"76","1953","4","30","none"
"76","1954","5","112","none"
"76","1955","6","0","none"
"77","1970","1","3","none"
"77","1971","2","20","confusion"
"77","1972","3","117","none"
"77","1973","4","0","none"
"77","1974","5","0","poison"
"77","1975","6","70","none"
"78","1981","1","53","none"
"78","1982","2","110","none"
"78","1983","3","87","none"
"78","1984","4","0","none"
"78","1985","5","0","confusion"
"78","1986","6","0","none"
"79","2003","1","16","none"
"79","2004","2","139","none"
"79","2005","3","0","none"
"79","2006","4","0","none"
"79","2007","5","205","none"
"79","2008","6","0","none"
"80","2033","1","102","none"
"80","2034","2","19","none"
"80","2035","3","66","none"
"80","2036","4","0","none"
"80","2037","5","44","none"
"80","2038","6","0","none"
"81","2040","1","0","none"
"81","2041","2","6","none"
"81","2042","3","52","none"
"81","2043","4","0","none"
"81","2044","5","0","none"
"81","2045","6","105","none"
"82","2079","1","0","none"
"82","2080","2","52","none"
"82","2081","3","0","none"
"82","2082","4","73","none"
"82","2083","5","80","none"
"82","2084","6","12","none"
"83","2095","1","42","none"
"83","2096","2","18","none"
"83","2097","3","125","paralysis"
"83","2098","4","32","none"
"83","2099","5","0","sleep"
"83","2100","6","0","none"
"84","2133","1","104","none"
"84","2134","2","55","poison"
"84","2135","3","28","none"
"84","2136","4","0","none"
"84","2137","5","100","none"
"84","2138","6","0","none"
"85","2171","1","26","none"
"85","2172","2","0","none"
"85","2173","3","63","none"
"85","2174","4","0","none"
"85","2175","5","0","sleep"
"85","2176","6","49","none"
"86","2182","1","97","paralysis"
"86","2183","2","14","none"
"86","2184","3","0","confusion"
"86","2185","4","41","none"
"86","2186","5","1","none"
"86","2187","6","1","burn"
"87","2193","1","78","none"
"87","2194","2","0","none"
"87","2195","3","0","none"
"87","2196","4","0","none"
"87","2197","5","0","none"
"87","2198","6","146","none"
"88","2202","1","118","none"
"88","2203","2","0","none"
"88","2204","3","62","none"
"88","2205","4","70","none"
"88","2206","5","0","burn"
"88","2207","6","35","none"
"89","2227","1","0","none"
"89","2228","2","0","none"
"89","2229","3","66","none"
"89","2230","4","62","none"
"89","2231","5","0","none"
"89","2232","6","4","none"
"90","2241","1","132","none"
"90","2242","2","57","burn"
"90","2243","3","13","none"
"90","2244","4","89","none"
"90","2245","5","0","none"
"90","2246","6","0","none"
"91","2248","1","0","freeze"
"91","2249","2","211","none"
"91","2250","3","92","none"
"91","2251","4","0","sleep"
"91","2252","5","54","freeze"
"91","2253","6","4","none"
"92","2269","1","0","freeze"
"92","2270","2","0","none"
"92","2271","3","0","none"
"92","2272","4","219","none"
"92","2273","5","98","none"
"92","2274","6","0","none"
"93","2276","1","0","none"
"93","2277","2","44","none"
"93","2278","3","33","none"
"93","2279","4","108","none"
"93","2280","5","0","none"
"93","2281","6","0","none"
"94","2291","1","114","none"
"94","2292","2","4","none"
"94","2293","3","112","none"
"94","2294","4","36","none"
"94","2295","5","0","none"
"94","2296","6","99","none"
"95","2330","1","11","freeze"
"95","2331","2","119","none"
"95","2332","3","59","none"
"95","2333","4","93","poison"
"95","2334","5","63","none"
"95","2335","6","38","none"
"96","2340","1","35","none"
"96","2341","2","0","none"
"96","2342","3","52","none"
"96","2343","4","0","none"
"96","2344","5","0","none"
"96","2345","6","15","none"
"97","2348","1","126","none"
"97","2349","2","111","none"
"97","2350","3","88","sleep"
"97","2351","4","14","none"
"97","2352","5","11","none"
"97","2353","6","0","none"
"98","2368","1","20","none"
"98","2369","2","79","none"
"98","2370","3","0","sleep"
"98","2371","4","232","none"
"98","2372","5","53","none"
"98","2373","6","44","none"
"99","2384","1","81","none"
"99","2385","2","5","none"
"99","2386","3","45","none"
"99","2387","4","98","none"
"99","2388","5","73","none"
"99","2389","6","97","none"
"100","2415","1","108","none"
"100","2416","2","104","none"
"100","2417","3","85","none"
"100","2418","4","0","none"
"100","2419","5","84","none"
"100","2420","6","112","none"
"101","2436","1","53","none"
"101","2437","2","70","none"
"101","2438","3","58","none"
"101","2439","4","0","none"
"101","2440","5","103","poison"
"101","2441","6","0","none"
"102","2442","1","34","none"
"102","2443","2","35","none"
"102","2444","3","69","freeze"
"102","2445","4","53","none"
"102","2446","5","66","none"
"102","2447","6","0","none"
"103","2479","1","5","none"
"103","2480","2","0","none"
"103","2481","3","52","none"
"103","2482","4","128","none"
"103","2483","5","123","none"
"103","2484","6","112","none"
"104","2510","1","119","none"
"104","2511","2","0","none"
"104","2512","3","104","none"
"104","2513","4","28","none"
"104","2514","5","86","none"
"104","2515","6","226","none"
"105","2518","1","112","none"
"105","2519","2","51","none"
"105","2520","3","94","none"
"105","2521","4","83","poison"
"105","2522","5","0","none"
"105","2523","6","29","none"
"106","2547","1","52","none"
"106","2548","2","38","freeze"
"106","2549","3","107","none"
"106","2550","4","0","none"
"106","2551","5","0","sleep"
"106","2552","6","0","none"
"107","2554","1","0","paralysis"
"107","2555","2","166","none"
"107","2556","3","93","none"
"107","2557","4","57","none"
"107","2558","5","79","none"
"107","2559","6","0","none"
"108","2577","1","0","none"
"108","2578","2","94","none"
"108","2579","3","40","none"
"108","2580","4","0","none"
"108","2581","5","17","none"
"108","2582","6","0","none"
"109","2590","1","37","none"
"109","2591","2","115","none"
"109","2592","3","59","none"
"109","2593","4","0","none"
"109","2594","5","31","none"
"109","2595","6","0","none"
"110","2635","1","0","none"
"110","2636","2","106","none"
"110","2637","3","85","none"
"110","2638","4","64","confusion"
"110","2639","5","0","none"
"110","2640","6","71","none"
"111","2660","1","108","none"
"111","2661","2","60","none"
"111","2662","3","38","none"
"111","2663","4","25","none"
"111","2664","5","0","none"
"111","2665","6","0","none"
"112","2692","1","0","none"
"112","2693","2","51","none"
"112","2694","3","42","none"
"112","2695","4","137","none"
"112","2696","5","126","none"
"112","2697","6","62","none"
"113","2726","1","29","none"
"113","2727","2","0","sleep"
"113","2728","3","3","none"
"113","2729","4","0","none"
"113","2730","5","32","none"
"113","2731","6","0","none"
"114","2747","1","0","none"
"114","2748","2","59","burn"
"114","2749","3","55","none"
"114","2750","4","95","none"
"114","2751","5","0","burn"
"114","2752","6","52","none"
"115","2756","1","82","burn"
"115","2757","2","0","none"
"115","2758","3","101","none"
"115","2759","4","4","none"
"115","2760","5","19","none"
"115","2761","6","0","none"
"116","2799","1","120","none"
"116","2800","2","102","none"
"116","2801","3","0","none"
"116","2802","4","0","none"
"116","2803","5","91","none"
"116","2804","6","271","none"
"117","2842","1","115","none"
"117","2843","2","60","none"
"117","2844","3","71","none"
"117","2845","4","0","none"
"117","2846","5","150","none"
"117","2847","6","0","none"
"118","2849","1","0","none"
"118","2850","2","0","none"
"118","2851","3","104","none"
"118","2852","4","0","none"
"118","2853","5","95","none"
"118","2854","6","0","none"
"119","2892","1","0","none"
"119","2893","2","18","none"
"119","2894","3","100","none"
"119","2895","4","175","none"
"119","2896","5","0","none"
"119","2897","6","94","none"
"120","2898","1","55","none"
"120","2899","2","0","none"
"120","2900","3","59","none"
"120","2901","4","68","none"
"120","2902","5","0","burn"
"120","2903","6","86","none"
"121","2911","1","95","none"
"121","2912","2","71","none"
"121","2913","3","73","none"
"121","2914","4","0","none"
"121","2915","5","66","none"
"121","2916","6","163","none"
"122","2952","1","60","poison"
"122","2953","2","56","none"
"122","2954","3","61","freeze"
"122","2955","4","110","none"
"122","2956","5","103","none"
"122","2957","6","129","none"
"123","2975","1","151","none"
"123","2976","2","119","none"
"123","2977","3","23","none"
"123","2978","4","4","none"
"123","2979","5","0","none"
"123","2980","6","61","none"
"124","3000","1","21","none"
"124","3001","2","99","none"
"124","3002","3","87","none"
"124","3003","4","0","none"
"124","3004","5","0","none"
"124","3005","6","0","none"
"125","3029","1","0","none"
"125","3030","2","96","none"
"125","3031","3","42","none"
"125","3032","4","92","none"
"125","3033","5","17","none"
"125","3034","6","0","none"
"126","3044","1","0","none"
"126","3045","2","109","none"
"126","3046","3","67","none"
"126","3047","4","0","none"
"126","3048","5","104","none"
"126","3049","6","83","burn"
"127","3055","1","0","none"
"127","3056","2","30","none"
"127","3057","3","72","poison"
"127","3058","4","177","none"
"127","3059","5","128","none"
"127","3060","6","62","none"
"128","3068","1","0","none"
"128","3069","2","92","none"
"128","3070","3","0","none"
"128","3071","4","20","none"
"128","3072","5","27","none"
"128","3073","6","18","poison"
"129","3101","1","93","burn"
"129","3102","2","105","none"
"129","3103","3","146","none"
"129","3104","4","87","none"
"129","3105","5","76","none"
"129","3106","6","0","none"
"130","3128","1","0","none"
"130","3129","2","0","none"
"130","3130","3","0","none"
"130","3131","4","122","none"
"130","3132","5","91","none"
"130","3133","6","57","none"
"131","3172","1","94","none"
"131","3173","2","93","none"
"131","3174","3","39","none"
"131","3175","4","20","none"
"131","3176","5","0","burn"
"131","3177","6","37","none"
"132","3182","1","108","none"
"132","3183","2","110","none"
"132","3184","3","0","none"
"132","3185","4","67","none"
"132","3186","5","0","burn"
"132","3187","6","0","none"
"133","3193","1","112","confusion"
"133","3194","2","14","freeze"
"133","3195","3","65","none"
"133","3196","4","115","none"
"133","3197","5","0","none"
"133","3198","6","113","none"
"134","3220","1","20","none"
"134","3221","2","20","none"
"134","3222","3","126","none"
"134","3223","4","96","none"
"134","3224","5","111","none"
"134","3225","6","60","none"
"135","3257","1","100","none"
"135","3258","2","71","none"
"135","3259","3","126","burn"
"135","3260","4","0","none"
"135","3261","5","147","none"
"135","3262","6","0","none"
"136","3284","1","124","none"
"136","3285","2","0","none"
"136","3286","3","38","none"
"136","3287","4","92","none"
"136","3288","5","125","poison"
"136","3289","6","0","none"
"137","3291","1","101","none"
"137","3292","2","0","none"
"137","3293","3","175","none"
"137","3294","4","0","none"
"137","3295","5","279","none"
"137","3296","6","38","none"
"138","3319","1","107","none"
"138","3320","2","91","none"
"138","3321","3","110","none"
"138","3322","4","0","none"
"138","3323","5","0","none"
"138","3324","6","81","none"
"139","3345","1","21","none"
"139","3346","2","0","none"
"139","3347","3","98","none"
"139","3348","4","0","none"
"139","3349","5","52","none"
"139","3350","6","22","none"
"140","3354","1","37","none"
"140","3355","2","116","none"
"140","3356","3","26","none"
"140","3357","4","88","none"
"140","3358","5","35","none"
"140","3359","6","4","none"
"141","3388","1","86","none"
"141","3389","2","152","poison"
"141","3390","3","97","none"
"141","3391","4","103","none"
"141","3392","5","17","none"
"141","3393","6","144","none"
"142","3404","1","0","none"
"142","3405","2","103","none"
"142","3406","3","0","none"
"142","3407","4","10","none"
"142","3408","5","194","none"
"142","3409","6","125","none"
"143","3411","1","113","none"
"143","3412","2","0","none"
"143","3413","3","89","none"
"143","3414","4","0","none"
"143","3415","5","2","none"
"143","3416","6","62","none"
"144","3427","1","163","none"
"144","3428","2","0","none"
"144","3429","3","137","none"
"144","3430","4","41","none"
"144","3431","5","63","none"
"144","3432","6","24","none"
"145","3436","1","130","none"
"145","3437","2","80","none"
"145","3438","3","46","none"
"145","3439","4","65","none"
"145","3440","5","0","none"
"145","3441","6","98","none"
"146","3462","1","0","paralysis"
"146","3463","2","91","none"
"146","3464","3","118","none"
"146","3465","4","2","freeze"
"146","3466","5","44","none"
"146","3467","6","0","none"
"147","3471","1","77","none"
"147","3472","2","65","none"
"147","3473","3","25","none"
"147","3474","4","58","none"
"147","3475","5","38","none"
"147","3476","6","77","none"
"148","3505","1","0","none"
"148","3506","2","90","none"
"148","3507","3","0","none"
"148","3508","4","0","none"
"148","3509","5","0","none"
"148","3510","6","0","none"
"149","3541","1","141","none"
"149","3542","2","46","none"
"149","3543","3","25","none"
"149","3544","4","3","none"
"149","3545","5","0","none"
"149","3546","6","77","none"
"150","3567","1","80","none"
"150","3568","2","0","none"
"150","3569","3","0","none"
"150","3570","4","65","none"
"150","3571","5","0","none"
"150","3572","6","0","none"
"151","3573","1","43","none"
"151","3574","2","93","none"
"151","3575","3","0","none"
"151","3576","4","106","none"
"151","3577","5","31","none"
"151","3578","6","73","none"
"152","3611","1","46","none"
"152","3612","2","76","none"
"152","3613","3","51","none"
"152","3614","4","20","none"
"152","3615","5","0","none"
"152","3616","6","77","none"
"153","3634","1","96","none"
"153","3635","2","91","none"
"153","3636","3","2","none"
"153","3637","4","0","none"
"153","3638","5","67","none"
"153","3639","6","43","none"
"154","3659","1","25","none"
"154","3660","2","0","none"
"154","3661","3","103","none"
"154","3662","4","132","confusion"
"154","3663","5","0","none"
"154","3664","6","0","none"
"155","3683","1","16","none"
"155","3684","2","0","none"
"155","3685","3","0","none"
"155","3686","4","0","none"
"155","3687","5","12","none"
"155","3688","6","0","sleep"
"156","3704","1","0","none"
"156","3705","2","113","none"
"156","3706","3","36","none"
"156","3707","4","86","none"
"156","3708","5","0","none"
"156","3709","6","0","none"
"157","3720","1","72","poison"
"157","3721","2","55","none"
"157","3722","3","120","none"
"157","3723","4","0","none"
"157","3724","5","80","none"
"157","3725","6","113","none"
"158","3762","1","71","none"
"158","3763","2","0","none"
"158","3764","3","0","none"
"158","3765","4","0","none"
"158","3766","5","0","none"
"158","3767","6","112","none"
"159","3798","1","0","none"
"159","3799","2","0","none"
"159","3800","3","0","none"
"159","3801","4","0","burn"
"159","3802","5","133","none"
"159","3803","6","74","none"
"160","3807","1","116","none"
"160","3808","2","0","none"
"160","3809","3","180","none"
"160","3810","4","0","none"
"160","3811","5","91","none"
"160","3812","6","73","none"
"161","3839","1","431","none"
"161","3840","2","123","none"
"161","3841","3","34","none"
"161","3842","4","139","none"
"161","3843","5","0","none"
"161","3844","6","0","none"
"162","3850","1","104","none"
"162","3851","2","56","none"
"162","3852","3","0","none"
"162","3853","4","91","none"
"162","3854","5","92","none"
"162","3855","6","95","none"
"163","3891","1","127","none"
"163","3892","2","0","none"
"163","3893","3","69","none"
"163","3894","4","31","none"
"163","3895","5","89","none"
"163","3896","6","77","none"
"164","3917","1","7","none"
"164","3918","2","0","none"
"164","3919","3","85","paralysis"
"164","3920","4","24","none"
"164","3921","5","0","none"
"164","3922","6","0","none"
"165","3949","1","139","none"
"165","3950","2","0","none"
"165","3951","3","0","freeze"
"165","3952","4","38","none"
"165","3953","5","40","none"
"165","3954","6","103","none"
"166","3981","1","0","none"
"166","3982","2","0","none"
"166","3983","3","0","none"
"166","3984","4","109","none"
"166","3985","5","0","none"
"166","3986","6","234","none"
"167","4009","1","83","none"
"167","4010","2","0","none"
"167","4011","3","0","none"
"167","4012","4","165","none"
"167","4013","5","0","none"
"167","4014","6","110","none"
"168","4031","1","0","none"
"168","4032","2","0","none"
"168","4033","3","0","none"
"168","4034","4","65","sleep"
"168","4035","5","0","none"
"168","4036","6","89","none"
"169","4068","1","49","none"
"169","4069","2","50","freeze"
"169","4070","3","37","none"
"169","4071","4","107","none"
"169","4072","5","6","none"
"169","4073","6","0","none"
"170","4102","1","178","none"
"170","4103","2","6","none"
"170","4104","3","0","none"
"170","4105","4","0","none"
"170","4106","5","130","none"
"170","4107","6","102","none"
"171","4135","1","66","sleep"
"171","4136","2","70","none"
"171","4137","3","106","confusion"
"171","4138","4","107","none"
"171","4139","5","0","none"
"171","4140","6","0","none"
"172","4154","1","0","none"
"172","4155","2","0","burn"
"172","4156","3","132","none"
"172","4157","4","3","none"
"172","4158","5","79","none"
"172","4159","6","0","none"
"173","4183","1","83","sleep"
"173","4184","2","95","none"
"173","4185","3","73","none"
"173","4186","4","3","burn"
"173","4187","5","54","none"
"173","4188","6","36","none"
"174","4223","1","173","paralysis"
"174","4224","2","120","none"
"174","4225","3","119","none"
"174","4226","4","0","none"
"174","4227","5","0","none"
"174","4228","6","52","none"
"175","4242","1","90","none"
"175","4243","2","70","none"
"175","4244","3","0","none"
"175","4245","4","0","none"
"175","4246","5","35","none"
"175","4247","6","134","none"
"176","4270","1","0","none"
"176","4271","2","0","none"
"176","4272","3","73","sleep"
"176","4273","4","87","none"
"176","4274","5","152","none"
"176","4275","6","60","none"
"177","4311","1","0","none"
"177","4312","2","134","none"
"177","4313","3","141","none"
"177","4314","4","86","none"
"177","4315","5","67","none"
"177","4316","6","124","none"
"178","4345","1","194","paralysis"
"178","4346","2","105","burn"
"178","4347","3","0","none"
"178","4348","4","0","none"
"178","4349","5","0","none"
"178","4350","6","41","none"
"179","4365","1","198","none"
"179","4366","2","97","none"
"179","4367","3","0","none"
"179","4368","4","0","burn"
"179","4369","5","52","none"
"179","4370","6","0","none"
"180","4404","1","0","none"
"180","4405","2","0","none"
"180","4406","3","208","none"
"180","4407","4","69","none"
"180","4408","5","123","none"
"180","4409","6","0","none"
"181","4417","1","0","none"
"181","4418","2","0","none"
"181","4419","3","0","none"
"181","4420","4","0","freeze"
"181","4421","5","9","freeze"
"181","4422","6","90","none"
"182","4431","1","120","paralysis"
"182","4432","2","0","none"
"182","4433","3","0","none"
"182","4434","4","0","none"
"182","4435","5","118","none"
"182","4436","6","83","none"
"183","4464","1","96","none"
"183","4465","2","119","none"
"183","4466","3","54","none"
"183","4467","4","94","none"
"183","4468","5","231","none"
"183","4469","6","4","burn"
"184","4503","1","0","none"
"184","4504","2","50","none"
"184","4505","3","0","confusion"
"184","4506","4","0","none"
"184","4507","5","14","none"
"184","4508","6","0","paralysis"
"185","4545","1","41","none"
"185","4546","2","0","none"
"185","4547","3","0","none"
"185","4548","4","60","none"
"185","4549","5","18","none"
"185","4550","6","0","none"
"186","4579","1","0","none"
"186","4580","2","88","none"
"186","4581","3","94","none"
"186","4582","4","34","burn"
"186","4583","5","0","none"
"186","4584","6","0","none"
"187","4624","1","8","freeze"
"187","4625","2","0","none"
"187","4626","3","74","none"
"187","4627","4","30","none"
"187","4628","5","0","burn"
"187","4629","6","0","none"
"188","4651","1","141","freeze"
"188","4652","2","0","none"
"188","4653","3","66","none"
"188","4654","4","0","none"
"188","4655","5","0","none"
"188","4656","6","0","none"
"189","4696","1","0","none"
"189","4697","2","0","none"
"189","4698","3","69","none"
"189","4699","4","100","none"
"189","4700","5","115","none"
"189","4701","6","389","none"
"190","4740","1","0","none"
"190","4741","2","109","none"
"190","4742","3","0","none"
"190","4743","4","35","none"
"190","4744","5","59","none"
"190","4745","6","0","none"
"191","4746","1","0","none"
"191","4747","2","11","none"
"191","4748","3","20","burn"
"191","4749","4","0","none"
"191","4750","5","0","none"
"191","4751","6","128","sleep"
"192","4764","1","15","freeze"
"192","4765","2","0","none"
"192","4766","3","15","confusion"
"192","4767","4","0","none"
"192","4768","5","72","freeze"
"192","4769","6","84","freeze"
"193","4789","1","0","none"
"193","4790","2","0","none"
"193","4791","3","104","none"
"193","4792","4","34","none"
"193","4793","5","75","none"
"193","4794","6","0","none"
"194","4814","1","38","none"
"194","4815","2","0","none"
"194","4816","3","0","none"
"194","4817","4","161","none"
"194","4818","5","50","none"
"194","4819","6","85","none"
"195","4826","1","0","none"
"195","4827","2","0","none"
"195","4828","3","161","none"
"195","4829","4","29","none"
"195","4830","5","84","none"
"195","4831","6","119","none"
"196","4867","1","69","none"
"196","4868","2","0","none"
"196","4869","3","67","none"
"196","4870","4","135","none"
"196","4871","5","0","none"
"196","4872","6","85","none"
"197","4874","1","113","freeze"
"197","4875","2","67","none"
"197","4876","3","0","none"
"197","4877","4","167","none"
"197","4878","5","0","poison"
"197","4879","6","91","none"
"198","4882","1","94","none"
"198","4883","2","91","none"
"198","4884","3","130","none"
"198","4885","4","227","none"
"198","4886","5","76","none"
"198","4887","6","36","none"
"199","4927","1","120","none"
"199","4928","2","19","none"
"199","4929","3","0","none"
"199","4930","4","0","none"
"199","4931","5","31","none"
"199","4932","6","0","none"
"200","4937","1","0","none"
"200","4938","2","3","none"
"200","4939","3","0","none"
"200","4940","4","0","none"
"200","4941","5","134","none"
"200","4942","6","130","sleep"
"201","4975","1","155","none"
"201","4976","2","107","none"
"201","4977","3","0","paralysis"
"201","4978","4","108","none"
"201","4979","5","52","none"
"201","4980","6","78","none"
"202","5017","1","0","none"
"202","5018","2","110","none"
"202","5019","3","68","none"
"202","5020","4","0","none"
"202","5021","5","9","none"
"202","5022","6","49","none"
"203","5046","1","52","none"
"203","5047","2","0","none"
"203","5048","3","148","none"
"203","5049","4","0","none"
"203","5050","5","43","none"
"203","5051","6","66","none"
"204","5064","1","24","none"
"204","5065","2","103","none"
"204","5066","3","119","none"
"204","5067","4","6","none"
"204","5068","5","0","none"
"204","5069","6","250","burn"
"205","5077","1","1","none"
"205","5078","2","93","none"
"205","5079","3","0","paralysis"
"205","5080","4","0","none"
"205","5081","5","69","none"
"205","5082","6","77","none"
"206","5102","1","0","none"
"206","5103","2","125","none"
"206","5104","3","71","none"
"206","5105","4","70","none"
"206","5106","5","127","none"
"206","5107","6","7","paralysis"
"207","5121","1","146","none"
"207","5122","2","161","none"
"207","5123","3","35","none"
"207","5124","4","49","confusion"
"207","5125","5","0","none"
"207","5126","6","22","none"
"208","5145","1","100","none"
"208","5146","2","0","none"
"208","5147","3","145","none"
"208","5148","4","0","none"
"208","5149","5","269","none"
"208","5150","6","148","none"
"209","5189","1","122","none"
"209","5190","2","214","none"
"209","5191","3","0","none"
"209","5192","4","0","none"
"209","5193","5","2","none"
"209","5194","6","102","none"
"210","5215","1","96","none"
"210","5216","2","0","burn"
"210","5217","3","55","sleep"
"210","5218","4","46","freeze"
"210","5219","5","0","none"
"210","5220","6","73","none"
"211","5222","1","98","none"
"211","5223","2","64","none"
"211","5224","3","96","none"
"211","5225","4","53","burn"
"211","5226","5","0","none"
"211","5227","6","48","confusion"
"212","5251","1","0","none"
"212","5252","2","0","none"
"212","5253","3","0","none"
"212","5254","4","0","none"
"212","5255","5","144","none"
"212","5256","6","73","burn"
"213","5270","1","68","confusion"
"213","5271","2","64","paralysis"
"213","5272","3","0","freeze"
"213","5273","4","51","none"
"213","5274","5","92","confusion"
"213","5275","6","0","none"
"214","5294","1","0","none"
"214","5295","2","11","none"
"214","5296","3","132","none"
"214","5297","4","0","none"
"214","5298","5","0","none"
"214","5299","6","99","none"
"215","5318","1","112","none"
"215","5319","2","30","none"
"215","5320","3","0","none"
"215","5321","4","46","none"
"215","5322","5","0","none"
"215","5323","6","0","none"
"216","5362","1","72","none"
"216","5363","2","129","none"
"216","5364","3","0","none"
"216","5365","4","16","none"
"216","5366","5","0","none"
"216","5367","6","0","none"
"217","5388","1","62","none"
"217","5389","2","122","none"
"217","5390","3","0","none"
"217","5391","4","0","none"
"217","5392","5","102","none"
"217","5393","6","54","none"
"218","5419","1","0","none"
"218","5420","2","74","none"
"218","5421","3","0","none"
"218","5422","4","0","none"
"218","5423","5","64","none"
"218","5424","6","60","none"
"219","5445","1","102","none"
"219","5446","2","23","none"
"219","5447","3","140","none"
"219","5448","4","83","none"
"219","5449","5","97","none"
"219","5450","6","71","none"
"220","5461","1","0","none"
"220","5462","2","0","none"
"220","5463","3","34","none"
"220","5464","4","0","none"
"220","5465","5","20","none"
"220","5466","6","2","none"
"221","5469","1","73","none"
"221","5470","2","101","none"
"221","5471","3","0","none"
"221","5472","4","141","burn"
"221","5473","5","81","none"
"221","5474","6","0","none"
"222","5494","1","53","none"
"222","5495","2","17","none"
"222","5496","3","77","none"
"222","5497","4","78","none"
"222","5498","5","66","none"
"222","5499","6","0","none"
"223","5538","1","0","paralysis"
"223","5539","2","89","none"
"223","5540","3","0","none"
"223","5541","4","0","none"
"223","5542","5","175","none"
"223","5543","6","5","none"
"224","5574","1","0","none"
"224","5575","2","110","none"
"224","5576","3","67","none"
"224","5577","4","0","none"
"224","5578","5","0","none"
"224","5579","6","0","none"
"225","5598","1","0","none"
"225","5599","2","5","none"
"225","5600","3","85","none"
"225","5601","4","10","none"
"225","5602","5","0","none"
"225","5603","6","0","none"
"226","5614","1","100","none"
"226","5615","2","24","none"
"226","5616","3","69","none"
"226","5617","4","99","none"
"226","5618","5","0","burn"
"226","5619","6","83","none"
"227","5653","1","0","none"
"227","5654","2","47","none"
"227","5655","3","161","sleep"
"227","5656","4","0","freeze"
"227","5657","5","84","none"
"227","5658","6","39","none"
"228","5672","1","54","none"
"228","5673","2","69","none"
"228","5674","3","78","none"
"228","5675","4","22","none"
"228","5676","5","0","sleep"
"228","5677","6","0","none"
"229","5685","1","0","none"
"229","5686","2","92","none"
"229","5687","3","65","none"
"229","5688","4","0","none"
"229","5689","5","0","none"
"229","5690","6","32","none"
"230","5694","1","0","none"
"230","5695","2","0","burn"
"230","5696","3","0","none"
"230","5697","4","108","none"
"230","5698","5","14","none"
"230","5699","6","8","none"
"231","5737","1","123","none"
"231","5738","2","76","none"
"231","5739","3","0","burn"
"231","5740","4","64","none"
"231","5741","5","42","none"
"231","5742","6","0","none"
"232","5766","1","80","none"
"232","5767","2","0","none"
"232","5768","3","132","none"
"232","5769","4","42","none"
"232","5770","5","9","none"
"232","5771","6","187","burn"
"233","5788","1","226","none"
"233","5789","2","63","none"
"233","5790","3","0","sleep"
"233","5791","4","0","none"
"233","5792","5","0","none"
"233","5793","6","0","none"
"234","5821","1","120","none"
"234","5822","2","0","none"
"234","5823","3","72","none"
"234","5824","4","109","none"
"234","5825","5","0","none"
"234","5826","6","59","none"
"235","5857","1","38","none"
"235","5858","2","0","sleep"
"235","5859","3","117","none"
"235","5860","4","0","none"
"235","5861","5","120","none"
"235","5862","6","0","none"
"236","5891","1","101","none"
"236","5892","2","103","none"
"236","5893","3","7","none"
"236","5894","4","2","none"
"236","5895","5","110","none"
"236","5896","6","28","none"
"237","5927","1","105","none"
"237","5928","2","0","none"
"237","5929","3","0","none"
"237","5930","4","0","none"
"237","5931","5","112","none"
"237","5932","6","70","none"
"238","5966","1","0","none"
"238","5967","2","0","none"
"238","5968","3","100","none"
"238","5969","4","0","none"
"238","5970","5","68","paralysis"
"238","5971","6","129","none"
"239","5975","1","0","none"
"239","5976","2","119","none"
"239","5977","3","0","none"
"239","5978","4","98","none"
"239","5979","5","61","none"
"239","5980","6","0","none"
"240","6013","1","77","none"
"240","6014","2","147","none"
"240","6015","3","98","none"
"240","6016","4","0","none"
"240","6017","5","138","none"
"240","6018","6","118","none"
"241","6021","1","46","none"
"241","6022","2","33","none"
"241","6023","3","98","none"
"241","6024","4","3","none"
"241","6025","5","40","none"
"241","6026","6","135","none"
"242","6051","1","126","none"
"242","6052","2","0","none"
"242","6053","3","81","none"
"242","6054","4","59","none"
"242","6055","5","86","none"
"242","6056","6","113","none"
"243","6072","1","71","none"
"243","6073","2","2","none"
"243","6074","3","187","none"
"243","6075","4","15","none"
"243","6076","5","0","none"
"243","6077","6","54","none"
"244","6105","1","0","none"
"244","6106","2","84","none"
"244","6107","3","14","none"
"244","6108","4","132","none"
"244","6109","5","53","none"
"244","6110","6","88","none"
"245","6114","1","96","paralysis"
"245","6115","2","30","none"
"245","6116","3","132","none"
"245","6117","4","103","none"
"245","6118","5","86","none"
"245","6119","6","46","none"
"246","6143","1","165","none"
"246","6144","2","74","none"
"246","6145","3","47","none"
"246","6146","4","182","poison"
"246","6147","5","0","none"
"246","6148","6","0","none"
"247","6165","1","0","none"
"247","6166","2","103","none"
"247","6167","3","100","none"
"247","6168","4","0","none"
"247","6169","5","0","confusion"
"247","6170","6","146","none"
"248","6175","1","62","none"
"248","6176","2","70","none"
"248","6177","3","28","none"
"248","6178","4","66","confusion"
"248","6179","5","78","none"
"248","6180","6","77","none"
"249","6194","1","10","none"
"249","6195","2","0","none"
"249","6196","3","0","none"
"249","6197","4","0","none"
"249","6198","5","0","none"
"249","6199","6","0","none"
"250","6230","1","123","none"
"250","6231","2","110","burn"
"250","6232","3","36","none"
"250","6233","4","0","none"
"250","6234","5","109","burn"
"250","6235","6","51","none"
"251","6273","1","0","sleep"
"251","6274","2","0","none"
"251","6275","3","9","freeze"
"251","6276","4","97","none"
"251","6277","5","57","none"
"251","6278","6","130","none"
"252","6312","1","0","none"
"252","6313","2","0","none"
"252","6314","3","113","none"
"252","6315","4","122","none"
"252","6316","5","71","none"
"252","6317","6","0","none"
"253","6348","1","0","none"
"253","6349","2","0","none"
"253","6350","3","15","none"
"253","6351","4","87","none"
"253","6352","5","18","none"
"253","6353","6","103","none"
"254","6385","1","83","none"
"254","6386","2","0","none"
"254","6387","3","0","none"
"254","6388","4","0","none"
"254","6389","5","0","none"
"254","6390","6","0","none"
"255","6428","1","41","poison"
"255","6429","2","120","freeze"
"255","6430","3","0","none"
"255","6431","4","0","none"
"255","6432","5","83","none"
"255","6433","6","82","none"
"256","6440","1","83","none"
"256","6441","2","185","none"
"256","6442","3","89","none"
"256","6443","4","82","none"
"256","6444","5","0","freeze"
"256","6445","6","0","none"
"257","6473","1","64","none"
"257","6474","2","0","none"
"257","6475","3","0","none"
"257","6476","4","0","none"
"257","6477","5","100","none"
"257","6478","6","109","none"
"258","6510","1","77","none"
"258","6511","2","0","none"
"258","6512","3","93","none"
"258","6513","4","50","none"
"258","6514","5","47","none"
"258","6515","6","65","none"
"259","6534","1","156","none"
"259","6535","2","90","none"
"259","6536","3","32","none"
"259","6537","4","0","none"
"259","6538","5","81","none"
"259","6539","6","199","none"
"260","6563","1","28","none"
"260","6564","2","80","none"
"260","6565","3","21","none"
"260","6566","4","0","none"
"260","6567","5","123","none"
"260","6568","6","64","none"
"261","6576","1","0","none"
"261","6577","2","0","none"
"261","6578","3","91","none"
"261","6579","4","0","none"
"261","6580","5","13","none"
"261","6581","6","0","none"
"262","6590","1","60","paralysis"
"262","6591","2","166","none"
"262","6592","3","0","none"
"262","6593","4","21","none"
"262","6594","5","0","none"
"262","6595","6","0","none"
"263","6625","1","0","none"
"263","6626","2","25","none"
"263","6627","3","0","none"
"263","6628","4","0","none"
"263","6629","5","82","none"
"263","6630","6","90","none"
"264","6651","1","75","none"
"264","6652","2","55","none"
"264","6653","3","38","none"
"264","6654","4","0","none"
"264","6655","5","1","none"
"264","6656","6","169","none"
"265","6692","1","45","none"
"265","6693","2","101","none"
"265","6694","3","153","none"
"265","6695","4","0","none"
"265","6696","5","71","none"
"265","6697","6","85","none"
"266","6726","1","0","none"
"266","6727","2","63","none"
"266","6728","3","0","none"
"266","6729","4","54","none"
"266","6730","5","0","sleep"
"266","6731","6","83","none"
"267","6767","1","103","none"
"267","6768","2","113","none"
"267","6769","3","239","freeze"
"267","6770","4","7","none"
"267","6771","5","182","none"
"267","6772","6","78","none"
"268","6805","1","22","none"
"268","6806","2","44","none"
"268","6807","3","76","none"
"268","6808","4","27","none"
"268","6809","5","0","none"
"268","6810","6","0","none"
"269","6827","1","0","none"
"269","6828","2","98","none"
"269","6829","3","145","none"
"269","6830","4","59","none"
"269","6831","5","0","none"
"269","6832","6","158","none"
"270","6857","1","100","none"
"270","6858","2","46","none"
"270","6859","3","0","none"
"270","6860","4","44","none"
"270","6861","5","0","freeze"
"270","6862","6","265","none"
"271","6867","1","98","none"
"271","6868","2","0","none"
"271","6869","3","66","none"
"271","6870","4","75","none"
"271","6871","5","113","none"
"271","6872","6","0","none"
"272","6886","1","81","none"
"272","6887","2","33","none"
"272","6888","3","101","none"
"272","6889","4","108","none"
"272","6890","5","0","none"
"272","6891","6","131","none"
"273","6909","1","0","none"
"273","6910","2","0","none"
"273","6911","3","71","none"
"273","6912","4","55","none"
"273","6913","5","129","none"
"273","6914","6","0","none"
"274","6917","1","39","none"
"274","6918","2","0","none"
"274","6919","3","9","none"
"274","6920","4","7","none"
"274","6921","5","95","none"
"274","6922","6","46","none"
"275","6927","1","0","none"
"275","6928","2","113","none"
"275","6929","3","133","none"
"275","6930","4","103","none"
"275","6931","5","0","none"
"275","6932","6","73","paralysis"
"276","6942","1","0","none"
"276","6943","2","0","none"
"276","6944","3","0","none"
"276","6945","4","193","none"
"276","6946","5","122","none"
"276","6947","6","35","none"
"277","6962","1","104","none"
"277","6963","2","0","none"
"277","6964","3","105","none"
"277","6965","4","0","none"
"277","6966","5","0","none"
"277","6967","6","0","none"
"278","6993","1","123","none"
"278","6994","2","180","poison"
"278","6995","3","44","none"
"278","6996","4","0","burn"
"278","6997","5","70","none"
"278","6998","6","77","none"
"279","7026","1","0","none"
"279","7027","2","115","none"
"279","7028","3","29","confusion"
"279","7029","4","44","none"
"279","7030","5","0","sleep"
"279","7031","6","90","none"
"280","7053","1","115","none"
"280","7054","2","0","none"
"280","7055","3","0","none"
"280","7056","4","0","none"
"280","7057","5","205","none"
"280","7058","6","127","none"
"281","7095","1","78","none"
"281","7096","2","49","none"
"281","7097","3","4","none"
"281","7098","4","0","none"
"281","7099","5","104","none"
"281","7100","6","0","none"
"282","7133","1","64","none"
"282","7134","2","115","none"
"282","7135","3","0","none"
"282","7136","4","0","sleep"
"282","7137","5","135","none"
"282","7138","6","70","none"
"283","7154","1","54","none"
"283","7155","2","38","none"
"283","7156","3","0","none"
"283","7157","4","70","none"
"283","7158","5","11","none"
"283","7159","6","115","none"
"284","7199","1","113","none"
"284","7200","2","44","none"
"284","7201","3","82","none"
"284","7202","4","0","none"
"284","7203","5","0","none"
"284","7204","6","89","sleep"
"285","7237","1","51","none"
"285","7238","2","136","none"
"285","7239","3","79","none"
"285","7240","4","186","none"
"285","7241","5","55","none"
"285","7242","6","56","freeze"
"286","7249","1","0","none"
"286","7250","2","56","none"
"286","7251","3","109","freeze"
"286","7252","4","45","none"
"286","7253","5","118","none"
"286","7254","6","69","none"
"287","7256","1","0","none"
"287","7257","2","0","confusion"
"287","7258","3","87","sleep"
"287","7259","4","120","none"
"287","7260","5","87","none"
"287","7261","6","0","none"
"288","7268","1","0","none"
"288","7269","2","104","none"
"288","7270","3","60","none"
"288","7271","4","63","none"
"288","7272","5","76","none"
"288","7273","6","36","none"
"289","7308","1","177","burn"
"289","7309","2","40","none"
"289","7310","3","34","none"
"289","7311","4","56","none"
"289","7312","5","117","none"
"289","7313","6","84","none"
"290","7327","1","0","none"
"290","7328","2","98","none"
"290","7329","3","0","none"
"290","7330","4","58","none"
"290","7331","5","64","none"
"290","7332","6","0","none"
"291","7370","1","0","freeze"
"291","7371","2","92","none"
"291","7372","3","73","none"
"291","7373","4","64","poison"
"291","7374","5","117","sleep"
"291","7375","6","93","burn"
"292","7397","1","0","none"
"292","7398","2","71","none"
"292","7399","3","23","none"
"292","7400","4","66","none"
"292","7401","5","38","none"
"292","7402","6","98","none"
"293","7425","1","61","none"
"293","7426","2","187","none"
"293","7427","3","0","none"
"293","7428","4","0","none"
"293","7429","5","63","none"
"293","7430","6","141","none"
"294","7451","1","81","none"
"294","7452","2","0","none"
"294","7453","3","90","none"
"294","7454","4","41","none"
"294","7455","5","0","none"
"294","7456","6","0","none"
"295","7484","1","65","none"
"295","7485","2","32","none"
"295","7486","3","158","none"
"295","7487","4","91","none"
"295","7488","5","6","none"
"295","7489","6","89","none"
"296","7513","1","128","none"
"296","7514","2","41","none"
"296","7515","3","88","burn"
"296","7516","4","61","none"
"296","7517","5","19","none"
"296","7518","6","0","paralysis"
"297","7524","1","0","burn"
"297","7525","2","23","none"
"297","7526","3","69","none"
"297","7527","4","70","none"
"297","7528","5","86","none"
"297","7529","6","0","none"
"298","7533","1","0","none"
"298","7534","2","79","none"
"298","7535","3","0","none"
"298","7536","4","61","none"
"298","7537","5","86","none"
"298","7538","6","0","none"
"299","7565","1","0","none"
"299","7566","2","0","none"
"299","7567","3","298","none"
"299","7568","4","83","none"
"299","7569","5","91","none"
"299","7570","6","101","none"
"300","7584","1","0","freeze"
"300","7585","2","0","none"
"300","7586","3","63","none"
"300","7587","4","0","none"
"300","7588","5","113","none"
"300","7589","6","0","none"
"301","7608","1","35","none"
"301","7609","2","68","none"
"301","7610","3","89","sleep"
"301","7611","4","0","none"
"301","7612","5","0","none"
"301","7613","6","61","sleep"
"302","7633","1","0","none"
"302","7634","2","147","none"
"302","7635","3","0","none"
"302","7636","4","62","none"
"302","7637","5","75","none"
"302","7638","6","0","paralysis"
"303","7675","1","50","none"
"303","7676","2","62","none"
"303","7677","3","83","none"
"303","7678","4","104","none"
"303","7679","5","4","none"
"303","7680","6","101","none"
"304","7711","1","49","none"
"304","7712","2","52","none"
"304","7713","3","124","none"
"304","7714","4","372","none"
"304","7715","5","99","none"
"304","7716","6","57","none"
"305","7734","1","103","none"
"305","7735","2","112","confusion"
"305","7736","3","80","none"
"305","7737","4","90","none"
"305","7738","5","0","none"
"305","7739","6","126","burn"
"306","7756","1","0","none"
"306","7757","2","0","none"
"306","7758","3","105","none"
"306","7759","4","0","none"
"306","7760","5","70","confusion"
"306","7761","6","0","none"
"307","7767","1","0","none"
"307","7768","2","150","confusion"
"307","7769","3","59","none"
"307","7770","4","190","none"
"307","7771","5","67","none"
"307","7772","6","0","none"
"308","7801","1","71","none"
"308","7802","2","55","none"
"308","7803","3","0","none"
"308","7804","4","60","none"
"308","7805","5","47","none"
"308","7806","6","46","none"
"309","7833","1","0","none"
"309","7834","2","169","none"
"309","7835","3","0","none"
"309","7836","4","7","none"
"309","7837","5","78","none"
"309","7838","6","15","none"
"310","7852","1","79","none"
"310","7853","2","98","none"
"310","7854","3","132","none"
"310","7855","4","150","none"
"310","7856","5","117","none"
"310","7857","6","129","none"
"311","7887","1","117","none"
"311","7888","2","59","none"
"311","7889","3","47","none"
"311","7890","4","65","none"
"311","7891","5","93","confusion"
"311","7892","6","0","none"
"312","7932","1","58","none"
"312","7933","2","40","none"
"312","7934","3","0","none"
"312","7935","4","0","none"
"312","7936","5","0","confusion"
"312","7937","6","150","none"
"313","7941","1","0","none"
"313","7942","2","46","none"
"313","7943","3","0","none"
"313","7944","4","64","none"
"313","7945","5","0","none"
"313","7946","6","104","none"
"314","7957","1","0","none"
"314","7958","2","14","none"
"314","7959","3","0","none"
"314","7960","4","0","none"
"314","7961","5","4","none"
"314","7962","6","46","freeze"
"315","7992","1","145","none"
"315","7993","2","83","none"
"315","7994","3","49","none"
"315","7995","4","24","none"
"315","7996","5","95","none"
"315","7997","6","0","none"
"316","8030","1","0","none"
"316","8031","2","42","none"
"316","8032","3","1","none"
"316","8033","4","71","none"
"316","8034","5","107","none"
"316","8035","6","0","none"
"317","8071","1","0","none"
"317","8072","2","0","confusion"
"317","8073","3","69","none"
"317","8074","4","0","none"
"317","8075","5","0","sleep"
"317","8076","6","0","none"
"318","8096","1","104","none"
"318","8097","2","54","none"
"318","8098","3","0","sleep"
"318","8099","4","0","none"
"318","8100","5","4","none"
"318","8101","6","0","none"
"319","8108","1","136","none"
"319","8109","2","49","none"
"319","8110","3","81","none"
"319","8111","4","0","none"
"319","8112","5","220","none"
"319","8113","6","0","none"
"320","8126","1","0","none"
"320","8127","2","0","none"
"320","8128","3","0","none"
"320","8129","4","0","none"
"320","8130","5","110","none"
"320","8131","6","0","none"
"321","8159","1","25","none"
"321","8160","2","257","none"
"321","8161","3","0","none"
"321","8162","4","104","none"
"321","8163","5","142","none"
"321","8164","6","0","none"
"322","8165","1","101","none"
"322","8166","2","114","none"
"322","8167","3","24","none"
"322","8168","4","0","none"
"322","8169","5","109","none"
"322","8170","6","0","none"
"323","8175","1","0","none"
"323","8176","2","35","none"
"323","8177","3","0","none"
"323","8178","4","0","none"
"323","8179","5","0","none"
"323","8180","6","63","none"
"324","8200","1","0","paralysis"
"324","8201","2","153","none"
"324","8202","3","0","none"
"324","8203","4","16","none"
"324","8204","5","29","poison"
"324","8205","6","0","none"
"325","8221","1","0","none"
"325","8222","2","47","none"
"325","8223","3","75","none"
"325","8224","4","368","none"
"325","8225","5","0","none"
"325","8226","6","0","none"
"326","8264","1","43","none"
"326","8265","2","0","none"
"326","8266","3","125","none"
"326","8267","4","56","none"
"326","8268","5","48","none"
"326","8269","6","101","none"
"327","8288","1","50","none"
"327","8289","2","0","none"
"327","8290","3","44","confusion"
"327","8291","4","263","none"
"327","8292","5","107","confusion"
"327","8293","6","88","none"
"328","8314","1","92","none"
"328","8315","2","202","sleep"
"328","8316","3","0","none"
"328","8317","4","50","none"
"328","8318","5","53","none"
"328","8319","6","0","none"
"329","8354","1","127","none"
"329","8355","2","125","none"
"329","8356","3","98","none"
"329","8357","4","87","none"
"329","8358","5","83","none"
"329","8359","6","8","none"
"330","8397","1","0","none"
"330","8398","2","0","none"
"330","8399","3","100","none"
"330","8400","4","0","none"
"330","8401","5","64","none"
"330","8402","6","31","none"
"331","8411","1","59","none"
"331","8412","2","0","burn"
"331","8413","3","0","none"
"331","8414","4","79","none"
"331","8415","5","0","none"
"331","8416","6","4","none"
"332","8424","1","0","none"
"332","8425","2","0","none"
"332","8426","3","0","none"
"332","8427","4","0","none"
"332","8428","5","76","none"
"332","8429","6","17","none"
"333","8462","1","0","none"
"333","8463","2","0","none"
"333","8464","3","0","none"
"333","8465","4","0","confusion"
"333","8466","5","0","none"
"333","8467","6","0","none"
"334","8476","1","64","none"
"334","8477","2","0","none"
"334","8478","3","109","none"
"334","8479","4","101","none"
"334","8480","5","101","none"
"334","8481","6","78","none"
"335","8513","1","0","none"
"335","8514","2","64","none"
"335","8515","3","88","none"
"335","8516","4","0","none"
"335","8517","5","0","none"
"335","8518","6","40","none"
"336","8525","1","92","none"
"336","8526","2","187","none"
"336","8527","3","0","none"
"336","8528","4","0","paralysis"
"336","8529","5","24","none"
"336","8530","6","188","none"
"337","8567","1","0","none"
"337","8568","2","0","none"
"337","8569","3","0","none"
"337","8570","4","125","none"
"337","8571","5","0","none"
"337","8572","6","46","none"
"338","8595","1","0","freeze"
"338","8596","2","52","none"
"338","8597","3","138","none"
"338","8598","4","68","freeze"
"338","8599","5","0","none"
"338","8600","6","148","none"
"339","8613","1","99","none"
"339","8614","2","57","none"
"339","8615","3","39","none"
"339","8616","4","113","none"
"339","8617","5","42","none"
"339","8618","6","0","none"
"340","8652","1","115","none"
"340","8653","2","120","none"
"340","8654","3","6","none"
"340","8655","4","1","none"
"340","8656","5","32","none"
"340","8657","6","0","none"
"341","8660","1","110","none"
"341","8661","2","0","none"
"341","8662","3","0","none"
"341","8663","4","0","sleep"
"341","8664","5","0","none"
"341","8665","6","0","none"
"342","8704","1","0","none"
"342","8705","2","0","none"
"342","8706","3","0","none"
"342","8707","4","0","none"
"342","8708","5","0","none"
"342","8709","6","90","none"
"343","8737","1","0","none"
"343","8738","2","18","poison"
"343","8739","3","227","none"
"343","8740","4","84","none"
"343","8741","5","0","none"
"343","8742","6","61","none"
"344","8771","1","98","none"
"344","8772","2","0","none"
"344","8773","3","72","none"
"344","8774","4","183","none"
"344","8775","5","0","none"
"344","8776","6","0","none"
"345","8784","1","67","none"
"345","8785","2","0","none"
"345","8786","3","120","none"
"345","8787","4","92","none"
"345","8788","5","120","none"
"345","8789","6","53","none"
"346","8814","1","0","none"
"346","8815","2","95","none"
"346","8816","3","14","none"
"346","8817","4","0","none"
"346","8818","5","49","none"
"346","8819","6","110","confusion"
"347","8839","1","70","none"
"347","8840","2","69","none"
"347","8841","3","18","confusion"
"347","8842","4","0","none"
"347","8843","5","98","none"
"347","8844","6","0","none"
"348","8876","1","0","none"
"348","8877","2","49","none"
"348","8878","3","9","none"
"348","8879","4","9","none"
"348","8880","5","16","none"
"348","8881","6","94","none"
"349","8886","1","102","none"
"349","8887","2","0","none"
"349","8888","3","75","none"
"349","8889","4","40","none"
"349","8890","5","46","none"
"349","8891","6","93","none"
"350","8920","1","32","none"
"350","8921","2","78","none"
"350","8922","3","95","freeze"
"350","8923","4","0","none"
"350","8924","5","0","none"
"350","8925","6","0","none"
"351","8933","1","135","none"
"351","8934","2","0","none"
"351","8935","3","65","none"
"351","8936","4","23","none"
"351","8937","5","38","freeze"
"351","8938","6","67","none"
"352","8966","1","0","none"
"352","8967","2","178","none"
"352","8968","3","28","none"
"352","8969","4","52","none"
"352","8970","5","0","none"
"352","8971","6","64","none"
"353","8998","1","94","none"
"353","8999","2","100","none"
"353","9000","3","106","none"
"353","9001","4","0","none"
"353","9002","5","0","none"
"353","9003","6","0","none"
"354","9041","1","0","none"
"354","9042","2","0","poison"
"354","9043","3","60","none"
"354","9044","4","112","none"
"354","9045","5","0","none"
"354","9046","6","0","none"
"355","9068","1","39","none"
"355","9069","2","103","none"
"355","9070","3","87","none"
"355","9071","4","57","none"
"355","9072","5","110","none"
"355","9073","6","0","none"
"356","9110","1","0","none"
"356","9111","2","36","none"
"356","9112","3","68","none"
"356","9113","4","49","none"
"356","9114","5","0","none"
"356","9115","6","19","none"
"357","9155","1","101","none"
"357","9156","2","128","none"
"357","9157","3","0","none"
"357","9158","4","147","none"
"357","9159","5","0","none"
"357","9160","6","165","none"
"358","9190","1","66","none"
"358","9191","2","0","none"
"358","9192","3","70","none"
"358","9193","4","170","none"
"358","9194","5","0","none"
"358","9195","6","122","none"
"359","9203","1","100","none"
"359","9204","2","97","none"
"359","9205","3","73","paralysis"
"359","9206","4","61","none"
"359","9207","5","39","none"
"359","9208","6","92","none"
"360","9248","1","47","none"
"360","9249","2","58","none"
"360","9250","3","112","none"
"360","9251","4","125","none"
"360","9252","5","0","none"
"360","9253","6","0","none"
"361","9284","1","382","none"
"361","9285","2","63","none"
"361","9286","3","0","none"
"361","9287","4","73","none"
"361","9288","5","0","none"
"361","9289","6","0","none"
"362","9319","1","123","none"
"362","9320","2","95","none"
"362","9321","3","401","none"
"362","9322","4","0","poison"
"362","9323","5","7","none"
"362","9324","6","19","freeze"
"363","9349","1","106","none"
"363","9350","2","141","none"
"363","9351","3","0","none"
"363","9352","4","84","none"
"363","9353","5","0","none"
"363","9354","6","103","none"
"364","9380","1","0","none"
"364","9381","2","126","none"
"364","9382","3","0","none"
"364","9383","4","86","none"
"364","9384","5","39","none"
"364","9385","6","0","none"
"365","9407","1","0","none"
"365","9408","2","103","none"
"365","9409","3","0","none"
"365","9410","4","0","burn"
"365","9411","5","65","none"
"365","9412","6","34","none"
"366","9430","1","34","none"
"366","9431","2","47","none"
"366","9432","3","0","none"
"366","9433","4","0","none"
"366","9434","5","49","none"
"366","9435","6","77","none"
"367","9460","1","153","none"
"367","9461","2","38","none"
"367","9462","3","125","none"
"367","9463","4","91","none"
"367","9464","5","46","none"
"367","9465","6","33","none"
"368","9499","1","84","none"
"368","9500","2","37","none"
"368","9501","3","125","none"
"368","9502","4","79","none"
"368","9503","5","73","none"
"368","9504","6","0","none"
"369","9529","1","0","none"
"369","9530","2","124","none"
"369","9531","3","73","none"
"369","9532","4","0","none"
"369","9533","5","5","poison"
"369","9534","6","26","none"
"370","9566","1","0","none"
"370","9567","2","0","none"
"370","9568","3","71","none"
"370","9569","4","78","none"
"370","9570","5","50","none"
"370","9571","6","48","none"
"371","9572","1","0","none"
"371","9573","2","0","none"
"371","9574","3","26","none"
"371","9575","4","191","none"
"371","9576","5","0","none"
"371","9577","6","4","paralysis"
"372","9605","1","112","none"
"372","9606","2","239","none"
"372","9607","3","70","none"
"372","9608","4","78","sleep"
"372","9609","5","84","freeze"
"372","9610","6","0","none"
"373","9637","1","195","none"
"373","9638","2","22","none"
"373","9639","3","0","none"
"373","9640","4","101","none"
"373","9641","5","226","none"
"373","9642","6","59","none"
"374","9677","1","0","none"
"374","9678","2","6","none"
"374","9679","3","102","none"
"374","9680","4","0","none"
"374","9681","5","0","none"
"374","9682","6","0","none"
"375","9692","1","0","freeze"
"375","9693","2","84","none"
"375","9694","3","0","none"
"375","9695","4","0","none"
"375","9696","5","14","none"
"375","9697","6","37","none"
"376","9708","1","192","none"
"376","9709","2","88","none"
"376","9710","3","0","none"
"376","9711","4","137","poison"
"376","9712","5","152","none"
"376","9713","6","239","none"
"377","9726","1","123","none"
"377","9727","2","66","sleep"
"377","9728","3","4","poison"
"377","9729","4","0","none"
"377","9730","5","0","none"
"377","9731","6","0","sleep"
"378","9747","1","0","burn"
"378","9748","2","27","none"
"378","9749","3","81","none"
"378","9750","4","98","none"
"378","9751","5","107","none"
"378","9752","6","87","none"
"379","9759","1","158","none"
"379","9760","2","130","none"
"379","9761","3","32","none"
"379","9762","4","0","none"
"379","9763","5","0","none"
"379","9764","6","0","none"
"380","9798","1","60","none"
"380","9799","2","0","none"
"380","9800","3","0","sleep"
"380","9801","4","73","none"
"380","9802","5","88","none"
"380","9803","6","0","none"
"381","9834","1","226","none"
"381","9835","2","0","none"
"381","9836","3","133","confusion"
"381","9837","4","41","none"
"381","9838","5","51","none"
"381","9839","6","100","none"
"382","9851","1","120","confusion"
"382","9852","2","106","none"
"382","9853","3","44","none"
"382","9854","4","0","none"
"382","9855","5","0","none"
"382","9856","6","188","none"
"383","9883","1","96","none"
"383","9884","2","0","none"
"383","9885","3","29","burn"
"383","9886","4","98","none"
"383","9887","5","0","none"
"383","9888","6","133","none"
"384","9912","1","0","none"
"384","9913","2","63","none"
"384","9914","3","152","none"
"384","9915","4","0","none"
"384","9916","5","0","burn"
"384","9917","6","102","none"
"385","9929","1","20","none"
"385","9930","2","84","none"
"385","9931","3","27","none"
"385","9932","4","30","none"
"385","9933","5","114","none"
"385","9934","6","107","none"
"386","9942","1","0","none"
"386","9943","2","0","none"
"386","9944","3","29","none"
"386","9945","4","80","none"
"386","9946","5","72","none"
"386","9947","6","1","none"
"387","9976","1","117","none"
"387","9977","2","57","none"
"387","9978","3","40","none"
"387","9979","4","69","none"
"387","9980","5","35","none"
"387","9981","6","45","none"
"388","10003","1","11","none"
"388","10004","2","17","none"
"388","10005","3","0","confusion"
"388","10006","4","27","none"
"388","10007","5","0","none"
"388","10008","6","0","none"
"389","10042","1","0","none"
"389","10043","2","0","none"
"389","10044","3","44","none"
"389","10045","4","44","none"
"389","10046","5","89","none"
"389","10047","6","175","none"
"390","10073","1","115","none"
"390","10074","2","63","none"
"390","10075","3","58","none"
"390","10076","4","110","none"
"390","10077","5","0","none"
"390","10078","6","70","none"
"391","10094","1","80","none"
"391","10095","2","141","none"
"391","10096","3","0","freeze"
"391","10097","4","0","none"
"391","10098","5","79","none"
"391","10099","6","0","poison"
"392","10120","1","306","none"
"392","10121","2","23","none"
"392","10122","3","0","none"
"392","10123","4","0","none"
"392","10124","5","0","none"
"392","10125","6","0","none"
"393","10147","1","54","none"
"393","10148","2","73","none"
"393","10149","3","48","none"
"393","10150","4","31","none"
"393","10151","5","0","none"
"393","10152","6","104","none"
"394","10169","1","104","none"
"394","10170","2","14","freeze"
"394","10171","3","27","none"
"394","10172","4","97","none"
"394","10173","5","69","none"
"394","10174","6","17","none"
"395","10197","1","10","sleep"
"395","10198","2","0","none"
"395","10199","3","98","none"
"395","10200","4","0","none"
"395","10201","5","43","none"
"395","10202","6","118","none"
"396","10219","1","6","none"
"396","10220","2","35","none"
"396","10221","3","0","none"
"396","10222","4","110","none"
"396","10223","5","24","none"
"396","10224","6","100","none"
"397","10246","1","0","none"
"397","10247","2","113","none"
"397","10248","3","197","none"
"397","10249","4","178","none"
"397","10250","5","69","none"
"397","10251","6","107","none"
"398","10288","1","2","none"
"398","10289","2","106","none"
"398","10290","3","222","none"
"398","10291","4","97","none"
"398","10292","5","0","none"
"398","10293","6","91","none"
"399","10322","1","0","none"
"399","10323","2","27","none"
"399","10324","3","106","poison"
"399","10325","4","0","none"
"399","10326","5","66","none"
"399","10327","6","123","none"
"500","10331","1","16","none"
"500","10332","2","40","paralysis"
"500","10333","3","0","burn"
"500","10334","4","0","poison"
"500","10335","5","99","none"
"500","10336","6","0","none"
"501","10352","1","62","none"
"501","10353","2","149","none"
"501","10354","3","194","none"
"501","10355","4","2","none"
"501","10356","5","71","none"
"501","10357","6","112","none"
"502","10365","1","0","none"
"502","10366","2","84","paralysis"
"502","10367","3","93","none"
"502","10368","4","0","none"
"502","10369","5","0","none"
"502","10370","6","0","none"
"503","10373","1","65","none"
"503","10374","2","52","none"
"503","10375","3","48","none"
"503","10376","4","180","none"
"503","10377","5","0","none"
"503","10378","6","0","none"
"504","10394","1","0","none"
"504","10395","2","0","none"
"504","10396","3","98","sleep"
"504","10397","4","0","none"
"504","10398","5","0","none"
"504","10399","6","21","none"
"505","10400","1","0","none"
"505","10401","2","115","none"
"505","10402","3","61","none"
"505","10403","4","0","none"
"505","10404","5","27","none"
"505","10405","6","41","none"
"506","10426","1","65","none"
"506","10427","2","136","none"
"506","10428","3","0","none"
"506","10429","4","68","paralysis"
"506","10430","5","106","none"
"506","10431","6","127","none"
"507","10434","1","17","none"
"507","10435","2","174","none"
"507","10436","3","0","none"
"507","10437","4","0","none"
"507","10438","5","65","none"
"507","10439","6","59","none"
"508","10460","1","54","none"
"508","10461","2","106","none"
"508","10462","3","78","poison"
"508","10463","4","51","none"
"508","10464","5","0","none"
"508","10465","6","98","none"
"509","10496","1","29","paralysis"
"509","10497","2","96","sleep"
"509","10498","3","136","none"
"509","10499","4","120","none"
"509","10500","5","14","none"
"509","10501","6","0","none"
"510","10505","1","8","none"
"510","10506","2","73","sleep"
"510","10507","3","30","none"
"510","10508","4","109","none"
"510","10509","5","180","poison"
"510","10510","6","0","none"
"511","10511","1","24","none"
"511","10512","2","91","burn"
"511","10513","3","103","burn"
"511","10514","4","82","none"
"511","10515","5","52","none"
"511","10516","6","70","none"
"512","10543","1","0","none"
"512","10544","2","39","none"
"512","10545","3","92","none"
"512","10546","4","118","none"
"512","10547","5","145","none"
"512","10548","6","102","none"
"513","10571","1","72","none"
"513","10572","2","53","none"
"513","10573","3","56","none"
"513","10574","4","106","none"
"513","10575","5","12","none"
"513","10576","6","0","none"
"514","10606","1","0","none"
"514","10607","2","0","none"
"514","10608","3","25","none"
"514","10609","4","77","none"
"514","10610","5","0","none"
"514","10611","6","108","none"
"515","10629","1","10","none"
"515","10630","2","0","burn"
"515","10631","3","102","none"
"515","10632","4","98","none"
"515","10633","5","0","none"
"515","10634","6","20","poison"
"516","10639","1","0","none"
"516","10640","2","0","none"
"516","10641","3","0","none"
"516","10642","4","51","none"
"516","10643","5","55","none"
"516","10644","6","68","none"
"517","10663","1","97","poison"
"517","10664","2","4","none"
"517","10665","3","0","none"
"517","10666","4","0","none"
"517","10667","5","20","none"
"517","10668","6","101","none"
"518","10695","1","0","none"
"518","10696","2","0","none"
"518","10697","3","18","none"
"518","10698","4","272","none"
"518","10699","5","0","none"
"518","10700","6","96","none"
"519","10720","1","120","none"
"519","10721","2","59","none"
"519","10722","3","0","none"
"519","10723","4","10","none"
"519","10724","5","0","none"
"519","10725","6","30","none"
"520","10759","1","0","freeze"
"520","10760","2","0","none"
"520","10761","3","0","none"
"520","10762","4","120","none"
"520","10763","5","0","confusion"
"520","10764","6","0","none"
"521","10767","1","77","none"
"521","10768","2","94","none"
"521","10769","3","78","none"
"521","10770","4","72","none"
"521","10771","5","64","none"
"521","10772","6","75","confusion"
"522","10778","1","107","none"
"522","10779","2","87","none"
"522","10780","3","6","none"
"522","10781","4","134","none"
"522","10782","5","0","none"
"522","10783","6","133","sleep"
"523","10804","1","0","none"
"523","10805","2","120","none"
"523","10806","3","0","none"
"523","10807","4","103","none"
"523","10808","5","15","poison"
"523","10809","6","70","burn"
"524","10810","1","0","none"
"524","10811","2","94","paralysis"
"524","10812","3","41","none"
"524","10813","4","0","none"
"524","10814","5","108","none"
"524","10815","6","56","none"
"525","10851","1","66","none"
"525","10852","2","208","none"
"525","10853","3","130","none"
"525","10854","4","7","paralysis"
"525","10855","5","0","none"
"525","10856","6","89","none"
"526","10874","1","52","none"
"526","10875","2","65","none"
"526","10876","3","97","none"
"526","10877","4","0","none"
"526","10878","5","110","none"
"526","10879","6","42","confusion"
"527","10910","1","90","none"
"527","10911","2","102","none"
"527","10912","3","102","none"
"527","10913","4","95","none"
"527","10914","5","26","none"
"527","10915","6","25","none"
"528","10947","1","112","freeze"
"528","10948","2","0","none"
"528","10949","3","27","none"
"528","10950","4","58","none"
"528","10951","5","82","none"
"528","10952","6","0","poison"
"529","10991","1","11","none"
"529","10992","2","21","none"
"529","10993","3","87","none"
"529","10994","4","122","none"
"529","10995","5","111","none"
"529","10996","6","0","sleep"
"530","11032","1","0","none"
"530","11033","2","45","none"
"530","11034","3","14","none"
"530","11035","4","95","none"
"530","11036","5","30","none"
"530","11037","6","75","none"
"531","11053","1","44","none"
"531","11054","2","136","none"
"531","11055","3","5","none"
"531","11056","4","27","none"
"531","11057","5","0","paralysis"
"531","11058","6","100","none"
"532","11075","1","0","none"
"532","11076","2","125","none"
"532","11077","3","45","none"
"532","11078","4","102","none"
"532","11079","5","0","burn"
"532","11080","6","0","none"
"533","11096","1","21","none"
"533","11097","2","89","none"
"533","11098","3","41","none"
"533","11099","4","122","none"
"533","11100","5","0","none"
"533","11101","6","195","none"
"534","11137","1","15","none"
"534","11138","2","43","none"
"534","11139","3","81","none"
"534","11140","4","57","none"
"534","11141","5","0","none"
"534","11142","6","0","none"
"535","11150","1","0","none"
"535","11151","2","0","none"
"535","11152","3","113","none"
"535","11153","4","81","none"
"535","11154","5","94","none"
"535","11155","6","96","none"
"536","11157","1","0","none"
"536","11158","2","90","none"
"536","11159","3","184","none"
"536","11160","4","0","none"
"536","11161","5","0","none"
"536","11162","6","82","none"
"406","11168","1","107","none"
"406","11169","2","125","none"
"406","11170","3","28","none"
"406","11171","4","63","none"
"406","11172","5","0","none"
"406","11173","6","168","none"
"400","11190","1","115","none"
"400","11191","2","97","none"
"400","11192","3","26","none"
"400","11193","4","76","none"
"400","11194","5","0","none"
"400","11195","6","107","none"
"407","11231","1","106","none"
"407","11232","2","119","none"
"407","11233","3","81","none"
"407","11234","4","51","none"
"407","11235","5","29","none"
"407","11236","6","0","none"
"401","11251","1","93","confusion"
"401","11252","2","0","none"
"401","11253","3","23","none"
"401","11254","4","102","none"
"401","11255","5","123","none"
"401","11256","6","51","confusion"
"403","11258","1","0","none"
"403","11259","2","125","none"
"403","11260","3","0","none"
"403","11261","4","0","none"
"403","11262","5","91","none"
"403","11263","6","15","none"
"402","11270","1","21","none"
"402","11271","2","0","none"
"402","11272","3","57","none"
"402","11273","4","78","none"
"402","11274","5","13","none"
"402","11275","6","34","none"
"405","11291","1","80","none"
"405","11292","2","54","none"
"405","11293","3","224","none"
"405","11294","4","0","none"
"405","11295","5","62","none"
"405","11296","6","0","none"
"404","11326","1","72","none"
"404","11327","2","32","paralysis"
"404","11328","3","50","none"
"404","11329","4","0","none"
"404","11330","5","39","none"
"404","11331","6","127","none"
"409","11348","1","78","none"
"409","11349","2","107","none"
"409","11350","3","37","none"
"409","11351","4","106","none"
"409","11352","5","0","none"
"409","11353","6","0","confusion"
"408","11377","1","229","none"
"408","11378","2","99","none"
"408","11379","3","92","none"
"408","11380","4","20","none"
"408","11381","5","54","none"
"408","11382","6","71","paralysis"
"430","11408","1","83","none"
"430","11409","2","112","none"
"430","11410","3","0","none"
"430","11411","4","0","none"
"430","11412","5","0","none"
"430","11413","6","42","freeze"
"410","11452","1","96","none"
"410","11453","2","96","none"
"410","11454","3","128","confusion"
"410","11455","4","0","none"
"410","11456","5","0","none"
"410","11457","6","0","none"
"413","11469","1","120","none"
"413","11470","2","87","none"
"413","11471","3","1","none"
"413","11472","4","77","none"
"413","11473","5","0","freeze"
"413","11474","6","0","none"
"411","11494","1","85","none"
"411","11495","2","0","none"
"411","11496","3","0","none"
"411","11497","4","78","none"
"411","11498","5","46","none"
"411","11499","6","100","none"
"414","11532","1","0","none"
"414","11533","2","0","none"
"414","11534","3","94","none"
"414","11535","4","84","none"
"414","11536","5","6","none"
"414","11537","6","0","burn"
"412","11543","1","0","none"
"412","11544","2","104","none"
"412","11545","3","133","sleep"
"412","11546","4","0","none"
"412","11547","5","56","paralysis"
"412","11548","6","0","none"
"422","11579","1","2","none"
"422","11580","2","24","none"
"422","11581","3","32","none"
"422","11582","4","71","none"
"422","11583","5","0","none"
"422","11584","6","150","none"
"415","11590","1","0","none"
"415","11591","2","192","poison"
"415","11592","3","0","none"
"415","11593","4","0","none"
"415","11594","5","0","none"
"415","11595","6","65","none"
"417","11622","1","99","none"
"417","11623","2","56","none"
"417","11624","3","105","none"
"417","11625","4","123","none"
"417","11626","5","7","confusion"
"417","11627","6","0","none"
"416","11642","1","0","none"
"416","11643","2","0","none"
"416","11644","3","110","none"
"416","11645","4","96","none"
"416","11646","5","202","none"
"416","11647","6","0","none"
"420","11669","1","0","none"
"420","11670","2","0","none"
"420","11671","3","141","freeze"
"420","11672","4","0","none"
"420","11673","5","122","none"
"420","11674","6","59","none"
"418","11704","1","95","none"
"418","11705","2","90","none"
"418","11706","3","0","burn"
"418","11707","4","0","paralysis"
"418","11708","5","0","paralysis"
"418","11709","6","0","confusion"
"425","11747","1","0","none"
"425","11748","2","0","none"
"425","11749","3","171","none"
"425","11750","4","0","none"
"425","11751","5","0","none"
"425","11752","6","0","none"
"419","11780","1","72","none"
"419","11781","2","0","none"
"419","11782","3","58","none"
"419","11783","4","23","none"
"419","11784","5","82","paralysis"
"419","11785","6","144","none"
"431","11787","1","126","none"
"431","11788","2","50","none"
"431","11789","3","0","none"
"431","11790","4","103","none"
"431","11791","5","62","burn"
"431","11792","6","0","none"
"421","11812","1","79","paralysis"
"421","11813","2","77","none"
"421","11814","3","0","none"
"421","11815","4","53","none"
"421","11816","5","137","none"
"421","11817","6","73","none"
"424","11847","1","0","none"
"424","11848","2","0","freeze"
"424","11849","3","104","none"
"424","11850","4","0","none"
"424","11851","5","0","none"
"424","11852","6","0","none"
"423","11882","1","67","none"
"423","11883","2","134","none"
"423","11884","3","0","none"
"423","11885","4","90","none"
"423","11886","5","137","none"
"423","11887","6","105","none"
"429","11922","1","40","none"
"429","11923","2","128","none"
"429","11924","3","103","none"
"429","11925","4","40","none"
"429","11926","5","0","paralysis"
"429","11927","6","197","none"
"426","11934","1","21","none"
"426","11935","2","125","none"
"426","11936","3","139","none"
"426","11937","4","137","none"
"426","11938","5","204","none"
"426","11939","6","42","none"
"434","11944","1","88","none"
"434","11945","2","0","none"
"434","11946","3","0","none"
"434","11947","4","78","none"
"434","11948","5","93","none"
"434","11949","6","140","none"
"427","11963","1","158","none"
"427","11964","2","35","none"
"427","11965","3","61","poison"
"427","11966","4","73","none"
"427","11967","5","55","none"
"427","11968","6","62","none"
"441","11976","1","0","none"
"441","11977","2","13","none"
"441","11978","3","73","none"
"441","11979","4","60","paralysis"
"441","11980","5","53","none"
"441","11981","6","74","none"
"428","11983","1","0","none"
"428","11984","2","100","none"
"428","11985","3","116","none"
"428","11986","4","1","none"
"428","11987","5","104","none"
"428","11988","6","37","none"
"439","11997","1","93","none"
"439","11998","2","25","none"
"439","11999","3","16","none"
"439","12000","4","6","none"
"439","12001","5","40","none"
"439","12002","6","0","sleep"
"432","12024","1","16","poison"
"432","12025","2","0","burn"
"432","12026","3","3","none"
"432","12027","4","366","none"
"432","12028","5","49","none"
"432","12029","6","0","none"
"435","12064","1","0","poison"
"435","12065","2","0","none"
"435","12066","3","0","none"
"435","12067","4","0","none"
"435","12068","5","82","none"
"435","12069","6","73","none"
"433","12108","1","91","none"
"433","12109","2","82","none"
"433","12110","3","107","none"
"433","12111","4","18","none"
"433","12112","5","0","none"
"433","12113","6","47","none"
"442","12145","1","90","none"
"442","12146","2","70","none"
"442","12147","3","64","none"
"442","12148","4","0","none"
"442","12149","5","17","none"
"442","12150","6","73","none"
"436","12175","1","51","none"
"436","12176","2","102","none"
"436","12177","3","96","none"
"436","12178","4","27","none"
"436","12179","5","44","confusion"
"436","12180","6","0","none"
"440","12220","1","59","none"
"440","12221","2","104","none"
"440","12222","3","19","none"
"440","12223","4","47","none"
"440","12224","5","107","none"
"440","12225","6","97","none"
"437","12253","1","24","none"
"437","12254","2","0","none"
"437","12255","3","0","none"
"437","12256","4","0","none"
"437","12257","5","0","none"
"437","12258","6","166","none"
"445","12272","1","82","none"
"445","12273","2","114","none"
"445","12274","3","89","none"
"445","12275","4","48","poison"
"445","12276","5","0","none"
"445","12277","6","117","none"
"438","12312","1","67","confusion"
"438","12313","2","40","none"
"438","12314","3","0","none"
"438","12315","4","31","none"
"438","12316","5","0","none"
"438","12317","6","39","none"
"447","12328","1","0","none"
"447","12329","2","93","none"
"447","12330","3","84","none"
"447","12331","4","0","none"
"447","12332","5","37","none"
"447","12333","6","0","none"
"443","12356","1","0","none"
"443","12357","2","0","none"
"443","12358","3","69","none"
"443","12359","4","51","none"
"443","12360","5","91","none"
"443","12361","6","7","none"
"448","12376","1","88","none"
"448","12377","2","70","none"
"448","12378","3","0","none"
"448","12379","4","2","none"
"448","12380","5","63","none"
"448","12381","6","77","none"
"444","12403","1","0","none"
"444","12404","2","49","none"
"444","12405","3","37","none"
"444","12406","4","98","confusion"
"444","12407","5","166","none"
"444","12408","6","0","none"
"458","12424","1","84","none"
"458","12425","2","0","none"
"458","12426","3","15","none"
"458","12427","4","92","none"
"458","12428","5","176","none"
"458","12429","6","24","none"
"446","12435","1","69","none"
"446","12436","2","96","none"
"446","12437","3","11","paralysis"
"446","12438","4","62","none"
"446","12439","5","3","none"
"446","12440","6","114","confusion"
"451","12480","1","46","none"
"451","12481","2","77","none"
"451","12482","3","35","confusion"
"451","12483","4","43","none"
"451","12484","5","47","none"
"451","12485","6","101","none"
"449","12496","1","0","none"
"449","12497","2","0","none"
"449","12498","3","0","none"
"449","12499","4","213","none"
"449","12500","5","159","none"
"449","12501","6","69","none"
"455","12523","1","123","paralysis"
"455","12524","2","2","none"
"455","12525","3","0","none"
"455","12526","4","0","none"
"455","12527","5","78","none"
"455","12528","6","116","none"
"450","12535","1","92","paralysis"
"450","12536","2","65","none"
"450","12537","3","64","none"
"450","12538","4","10","none"
"450","12539","5","7","none"
"450","12540","6","0","none"
"456","12571","1","60","none"
"456","12572","2","0","none"
"456","12573","3","0","none"
"456","12574","4","0","burn"
"456","12575","5","0","none"
"456","12576","6","64","none"
"452","12601","1","84","sleep"
"452","12602","2","0","none"
"452","12603","3","0","none"
"452","12604","4","116","none"
"452","12605","5","149","none"
"452","12606","6","68","none"
"454","12619","1","0","none"
"454","12620","2","0","freeze"
"454","12621","3","0","none"
"454","12622","4","70","none"
"454","12623","5","0","none"
"454","12624","6","0","none"
"453","12641","1","0","none"
"453","12642","2","0","none"
"453","12643","3","99","none"
"453","12644","4","86","none"
"453","12645","5","155","none"
"453","12646","6","95","none"
"460","12673","1","106","none"
"460","12674","2","0","none"
"460","12675","3","0","none"
"460","12676","4","52","none"
"460","12677","5","0","none"
"460","12678","6","63","none"
"457","12683","1","0","none"
"457","12684","2","0","none"
"457","12685","3","0","none"
"457","12686","4","0","none"
"457","12687","5","0","none"
"457","12688","6","0","none"
"467","12695","1","19","confusion"
"467","12696","2","85","none"
"467","12697","3","0","none"
"467","12698","4","92","none"
"467","12699","5","0","none"
"467","12700","6","0","none"
"459","12738","1","51","none"
"459","12739","2","0","none"
"459","12740","3","0","none"
"459","12741","4","45","paralysis"
"459","12742","5","61","none"
"459","12743","6","3","none"
"465","12765","1","0","none"
"465","12766","2","143","sleep"
"465","12767","3","133","none"
"465","12768","4","161","freeze"
"465","12769","5","0","none"
"465","12770","6","66","none"
"461","12793","1","47","none"
"461","12794","2","37","none"
"461","12795","3","21","none"
"461","12796","4","108","none"
"461","12797","5","90","none"
"461","12798","6","0","none"
"463","12801","1","0","none"
"463","12802","2","0","freeze"
"463","12803","3","0","none"
"463","12804","4","95","poison"
"463","12805","5","134","none"
"463","12806","6","98","burn"
"462","12835","1","12","none"
"462","12836","2","102","none"
"462","12837","3","89","none"
"462","12838","4","35","none"
"462","12839","5","124","none"
"462","12840","6","66","none"
"466","12846","1","0","none"
"466","12847","2","60","paralysis"
"466","12848","3","344","none"
"466","12849","4","0","none"
"466","12850","5","0","none"
"466","12851","6","0","none"
"464","12855","1","0","none"
"464","12856","2","0","none"
"464","12857","3","183","none"
"464","12858","4","62","none"
"464","12859","5","0","freeze"
"464","12860","6","0","none"
"471","12896","1","16","none"
"471","12897","2","63","none"
"471","12898","3","0","none"
"471","12899","4","84","none"
"471","12900","5","0","none"
"471","12901","6","104","none"
"468","12933","1","72","confusion"
"468","12934","2","4","none"
"468","12935","3","73","none"
"468","12936","4","90","none"
"468","12937","5","0","sleep"
"468","12938","6","91","none"
"470","12965","1","51","none"
"470","12966","2","38","none"
"470","12967","3","0","none"
"470","12968","4","51","none"
"470","12969","5","80","none"
"470","12970","6","0","none"
"469","12999","1","81","paralysis"
"469","13000","2","384","none"
"469","13001","3","76","sleep"
"469","13002","4","0","none"
"469","13003","5","0","none"
"469","13004","6","64","none"
"478","13036","1","119","none"
"478","13037","2","143","none"
"478","13038","3","86","none"
"478","13039","4","84","none"
"478","13040","5","29","confusion"
"478","13041","6","70","none"
"472","13072","1","94","none"
"472","13073","2","0","none"
"472","13074","3","111","none"
"472","13075","4","143","none"
"472","13076","5","92","poison"
"472","13077","6","0","none"
"481","13089","1","136","none"
"481","13090","2","73","none"
"481","13091","3","114","none"
"481","13092","4","20","none"
"481","13093","5","73","none"
"481","13094","6","4","none"
"473","13121","1","0","none"
"473","13122","2","42","none"
"473","13123","3","43","poison"
"473","13124","4","31","none"
"473","13125","5","0","burn"
"473","13126","6","62","none"
"482","13162","1","91","burn"
"482","13163","2","12","none"
"482","13164","3","0","none"
"482","13165","4","108","none"
"482","13166","5","68","none"
"482","13167","6","65","none"
"474","13182","1","54","burn"
"474","13183","2","0","confusion"
"474","13184","3","49","none"
"474","13185","4","0","none"
"474","13186","5","34","none"
"474","13187","6","62","none"
"477","13189","1","6","burn"
"477","13190","2","65","none"
"477","13191","3","111","none"
"477","13192","4","134","none"
"477","13193","5","143","none"
"477","13194","6","99","none"
"475","13200","1","0","none"
"475","13201","2","77","none"
"475","13202","3","0","none"
"475","13203","4","23","none"
"475","13204","5","118","none"
"475","13205","6","0","none"
"487","13242","1","168","none"
"487","13243","2","95","none"
"487","13244","3","47","none"
"487","13245","4","64","none"
"487","13246","5","79","none"
"487","13247","6","238","none"
"476","13273","1","153","none"
"476","13274","2","19","none"
"476","13275","3","209","none"
"476","13276","4","0","sleep"
"476","13277","5","0","none"
"476","13278","6","77","none"
"480","13300","1","0","none"
"480","13301","2","103","none"
"480","13302","3","64","none"
"480","13303","4","101","none"
"480","13304","5","20","none"
"480","13305","6","37","none"
"479","13322","1","55","none"
"479","13323","2","0","none"
"479","13324","3","51","none"
"479","13325","4","0","none"
"479","13326","5","2","confusion"
"479","13327","6","0","none"
"484","13352","1","34","sleep"
"484","13353","2","68","none"
"484","13354","3","65","none"
"484","13355","4","24","none"
"484","13356","5","36","none"
"484","13357","6","12","none"
"483","13369","1","257","none"
"483","13370","2","0","none"
"483","13371","3","113","none"
"483","13372","4","95","none"
"483","13373","5","93","none"
"483","13374","6","0","none"
"488","13388","1","0","none"
"488","13389","2","0","none"
"488","13390","3","86","none"
"488","13391","4","0","none"
"488","13392","5","11","none"
"488","13393","6","224","paralysis"
"485","13404","1","255","none"
"485","13405","2","21","none"
"485","13406","3","115","none"
"485","13407","4","25","none"
"485","13408","5","0","none"
"485","13409","6","106","none"
"493","13445","1","55","none"
"493","13446","2","126","none"
"493","13447","3","143","poison"
"493","13448","4","97","none"
"493","13449","5","103","none"
"493","13450","6","56","none"
"486","13457","1","34","none"
"486","13458","2","89","none"
"486","13459","3","101","none"
"486","13460","4","0","none"
"486","13461","5","0","none"
"486","13462","6","16","none"
"499","13464","1","17","none"
"499","13465","2","35","none"
"499","13466","3","67","none"
"499","13467","4","136","none"
"499","13468","5","108","none"
"499","13469","6","0","none"
"489","13497","1","61","none"
"489","13498","2","0","none"
"489","13499","3","0","none"
"489","13500","4","75","none"
"489","13501","5","0","none"
"489","13502","6","143","none"
"496","13517","1","57","none"
"496","13518","2","0","none"
"496","13519","3","0","none"
"496","13520","4","54","none"
"496","13521","5","123","none"
"496","13522","6","102","none"
"490","13558","1","0","none"
"490","13559","2","101","none"
"490","13560","3","55","none"
"490","13561","4","10","confusion"
"490","13562","5","49","paralysis"
"490","13563","6","97","burn"
"498","13584","1","0","none"
"498","13585","2","65","none"
"498","13586","3","73","none"
"498","13587","4","134","none"
"498","13588","5","2","none"
"498","13589","6","10","none"
"491","13614","1","0","none"
"491","13615","2","197","none"
"491","13616","3","0","confusion"
"491","13617","4","80","none"
"491","13618","5","0","none"
"491","13619","6","0","none"
"494","13621","1","0","none"
"494","13622","2","49","none"
"494","13623","3","45","none"
"494","13624","4","83","none"
"494","13625","5","26","none"
"494","13626","6","0","none"
"492","13633","1","0","freeze"
"492","13634","2","95","none"
"492","13635","3","23","none"
"492","13636","4","91","none"
"492","13637","5","38","none"
"492","13638","6","0","none"
"497","13645","1","74","none"
"497","13646","2","64","none"
"497","13647","3","0","none"
"497","13648","4","10","none"
"497","13649","5","23","confusion"
"497","13650","6","44","none"
"495","13673","1","92","none"
"495","13674","2","50","none"
"495","13675","3","0","none"
"495","13676","4","13","none"
"495","13677","5","16","none"
"495","13678","6","0","none"
