"stat","pokemon","base_stat","effort"
"hp","bulbasaur","45","0"
"attack","bulbasaur","49","0"
"defense","bulbasaur","49","0"
"special attack","bulbasaur","65","1"
"special defense","bulbasaur","65","0"
"speed","bulbasaur","45","0"
"hp","ivysaur","60","0"
"attack","ivysaur","62","0"
"defense","ivysaur","63","0"
"special attack","ivysaur","80","1"
"special defense","ivysaur","80","1"
"speed","ivysaur","60","0"
"hp","venusaur","80","0"
"attack","venusaur","82","0"
"defense","venusaur","83","0"
"special attack","venusaur","100","2"
"special defense","venusaur","100","1"
"speed","venusaur","80","0"
"hp","charmander","39","0"
"attack","charmander","52","0"
"defense","charmander","43","0"
"special attack","charmander","60","0"
"special defense","charmander","50","0"
"speed","charmander","65","1"
"hp","charmeleon","58","0"
"attack","charmeleon","64","0"
"defense","charmeleon","58","0"
"special attack","charmeleon","80","1"
"special defense","charmeleon","65","0"
"speed","charmeleon","80","1"
"hp","charizard","78","0"
"attack","charizard","84","0"
"defense","charizard","78","0"
"special attack","charizard","109","3"
"special defense","charizard","85","0"
"speed","charizard","100","0"
"hp","squirtle","44","0"
"attack","squirtle","48","0"
"defense","squirtle","65","1"
"special attack","squirtle","50","0"
"special defense","squirtle","64","0"
"speed","squirtle","43","0"
"hp","wartortle","59","0"
"attack","wartortle","63","0"
"defense","wartortle","80","1"
"special attack","wartortle","65","0"
"special defense","wartortle","80","1"
"speed","wartortle","58","0"
"hp","blastoise","79","0"
"attack","blastoise","83","0"
"defense","blastoise","100","0"
"special attack","blastoise","85","0"
"special defense","blastoise","105","3"
"speed","blastoise","78","0"
"hp","caterpie","45","1"
"attack","caterpie","30","0"
"defense","caterpie","35","0"
"special attack","caterpie","20","0"
"special defense","caterpie","20","0"
"speed","caterpie","45","0"
"hp","metapod","50","0"
"attack","metapod","20","0"
"defense","metapod","55","2"
"special attack","metapod","25","0"
"special defense","metapod","25","0"
"speed","metapod","30","0"
"hp","butterfree","60","0"
"attack","butterfree","45","0"
"defense","butterfree","50","0"
"special attack","butterfree","90","2"
"special defense","butterfree","80","1"
"speed","butterfree","70","0"
"hp","weedle","40","0"
"attack","weedle","35","0"
"defense","weedle","30","0"
"special attack","weedle","20","0"
"special defense","weedle","20","0"
"speed","weedle","50","1"
"hp","kakuna","45","0"
"attack","kakuna","25","0"
"defense","kakuna","50","2"
"special attack","kakuna","25","0"
"special defense","kakuna","25","0"
"speed","kakuna","35","0"
"hp","beedrill","65","0"
"attack","beedrill","90","2"
"defense","beedrill","40","0"
"special attack","beedrill","45","0"
"special defense","beedrill","80","1"
"speed","beedrill","75","0"
"hp","pidgey","40","0"
"attack","pidgey","45","0"
"defense","pidgey","40","0"
"special attack","pidgey","35","0"
"special defense","pidgey","35","0"
"speed","pidgey","56","1"
"hp","pidgeotto","63","0"
"attack","pidgeotto","60","0"
"defense","pidgeotto","55","0"
"special attack","pidgeotto","50","0"
"special defense","pidgeotto","50","0"
"speed","pidgeotto","71","2"
"hp","pidgeot","83","0"
"attack","pidgeot","80","0"
"defense","pidgeot","75","0"
"special attack","pidgeot","70","0"
"special defense","pidgeot","70","0"
"speed","pidgeot","101","3"
"hp","rattata","30","0"
"attack","rattata","56","0"
"defense","rattata","35","0"
"special attack","rattata","25","0"
"special defense","rattata","35","0"
"speed","rattata","72","1"
"hp","raticate","55","0"
"attack","raticate","81","0"
"defense","raticate","60","0"
"special attack","raticate","50","0"
"special defense","raticate","70","0"
"speed","raticate","97","2"
"hp","spearow","40","0"
"attack","spearow","60","0"
"defense","spearow","30","0"
"special attack","spearow","31","0"
"special defense","spearow","31","0"
"speed","spearow","70","1"
"hp","fearow","65","0"
"attack","fearow","90","0"
"defense","fearow","65","0"
"special attack","fearow","61","0"
"special defense","fearow","61","0"
"speed","fearow","100","2"
"hp","ekans","35","0"
"attack","ekans","60","1"
"defense","ekans","44","0"
"special attack","ekans","40","0"
"special defense","ekans","54","0"
"speed","ekans","55","0"
"hp","arbok","60","0"
"attack","arbok","95","2"
"defense","arbok","69","0"
"special attack","arbok","65","0"
"special defense","arbok","79","0"
"speed","arbok","80","0"
"hp","pikachu","35","0"
"attack","pikachu","55","0"
"defense","pikachu","40","0"
"special attack","pikachu","50","0"
"special defense","pikachu","50","0"
"speed","pikachu","90","2"
"hp","raichu","60","0"
"attack","raichu","90","0"
"defense","raichu","55","0"
"special attack","raichu","90","0"
"special defense","raichu","80","0"
"speed","raichu","110","3"
"hp","sandshrew","50","0"
"attack","sandshrew","75","0"
"defense","sandshrew","85","1"
"special attack","sandshrew","20","0"
"special defense","sandshrew","30","0"
"speed","sandshrew","40","0"
"hp","sandslash","75","0"
"attack","sandslash","100","0"
"defense","sandslash","110","2"
"special attack","sandslash","45","0"
"special defense","sandslash","55","0"
"speed","sandslash","65","0"
"hp","nidoran f","55","1"
"attack","nidoran f","47","0"
"defense","nidoran f","52","0"
"special attack","nidoran f","40","0"
"special defense","nidoran f","40","0"
"speed","nidoran f","41","0"
"hp","nidorina","70","2"
"attack","nidorina","62","0"
"defense","nidorina","67","0"
"special attack","nidorina","55","0"
"special defense","nidorina","55","0"
"speed","nidorina","56","0"
"hp","nidoqueen","90","3"
"attack","nidoqueen","92","0"
"defense","nidoqueen","87","0"
"special attack","nidoqueen","75","0"
"special defense","nidoqueen","85","0"
"speed","nidoqueen","76","0"
"hp","nidoran m","46","0"
"attack","nidoran m","57","1"
"defense","nidoran m","40","0"
"special attack","nidoran m","40","0"
"special defense","nidoran m","40","0"
"speed","nidoran m","50","0"
"hp","nidorino","61","0"
"attack","nidorino","72","2"
"defense","nidorino","57","0"
"special attack","nidorino","55","0"
"special defense","nidorino","55","0"
"speed","nidorino","65","0"
"hp","nidoking","81","0"
"attack","nidoking","102","3"
"defense","nidoking","77","0"
"special attack","nidoking","85","0"
"special defense","nidoking","75","0"
"speed","nidoking","85","0"
"hp","clefairy","70","2"
"attack","clefairy","45","0"
"defense","clefairy","48","0"
"special attack","clefairy","60","0"
"special defense","clefairy","65","0"
"speed","clefairy","35","0"
"hp","clefable","95","3"
"attack","clefable","70","0"
"defense","clefable","73","0"
"special attack","clefable","95","0"
"special defense","clefable","90","0"
"speed","clefable","60","0"
"hp","vulpix","38","0"
"attack","vulpix","41","0"
"defense","vulpix","40","0"
"special attack","vulpix","50","0"
"special defense","vulpix","65","0"
"speed","vulpix","65","1"
"hp","ninetales","73","0"
"attack","ninetales","76","0"
"defense","ninetales","75","0"
"special attack","ninetales","81","0"
"special defense","ninetales","100","1"
"speed","ninetales","100","1"
"hp","jigglypuff","115","2"
"attack","jigglypuff","45","0"
"defense","jigglypuff","20","0"
"special attack","jigglypuff","45","0"
"special defense","jigglypuff","25","0"
"speed","jigglypuff","20","0"
"hp","wigglytuff","140","3"
"attack","wigglytuff","70","0"
"defense","wigglytuff","45","0"
"special attack","wigglytuff","85","0"
"special defense","wigglytuff","50","0"
"speed","wigglytuff","45","0"
"hp","zubat","40","0"
"attack","zubat","45","0"
"defense","zubat","35","0"
"special attack","zubat","30","0"
"special defense","zubat","40","0"
"speed","zubat","55","1"
"hp","golbat","75","0"
"attack","golbat","80","0"
"defense","golbat","70","0"
"special attack","golbat","65","0"
"special defense","golbat","75","0"
"speed","golbat","90","2"
"hp","oddish","45","0"
"attack","oddish","50","0"
"defense","oddish","55","0"
"special attack","oddish","75","1"
"special defense","oddish","65","0"
"speed","oddish","30","0"
"hp","gloom","60","0"
"attack","gloom","65","0"
"defense","gloom","70","0"
"special attack","gloom","85","2"
"special defense","gloom","75","0"
"speed","gloom","40","0"
"hp","vileplume","75","0"
"attack","vileplume","80","0"
"defense","vileplume","85","0"
"special attack","vileplume","110","3"
"special defense","vileplume","90","0"
"speed","vileplume","50","0"
"hp","paras","35","0"
"attack","paras","70","1"
"defense","paras","55","0"
"special attack","paras","45","0"
"special defense","paras","55","0"
"speed","paras","25","0"
"hp","parasect","60","0"
"attack","parasect","95","2"
"defense","parasect","80","1"
"special attack","parasect","60","0"
"special defense","parasect","80","0"
"speed","parasect","30","0"
"hp","venonat","60","0"
"attack","venonat","55","0"
"defense","venonat","50","0"
"special attack","venonat","40","0"
"special defense","venonat","55","1"
"speed","venonat","45","0"
"hp","venomoth","70","0"
"attack","venomoth","65","0"
"defense","venomoth","60","0"
"special attack","venomoth","90","1"
"special defense","venomoth","75","0"
"speed","venomoth","90","1"
"hp","diglett","10","0"
"attack","diglett","55","0"
"defense","diglett","25","0"
"special attack","diglett","35","0"
"special defense","diglett","45","0"
"speed","diglett","95","1"
"hp","dugtrio","35","0"
"attack","dugtrio","100","0"
"defense","dugtrio","50","0"
"special attack","dugtrio","50","0"
"special defense","dugtrio","70","0"
"speed","dugtrio","120","2"
"hp","meowth","40","0"
"attack","meowth","45","0"
"defense","meowth","35","0"
"special attack","meowth","40","0"
"special defense","meowth","40","0"
"speed","meowth","90","1"
"hp","persian","65","0"
"attack","persian","70","0"
"defense","persian","60","0"
"special attack","persian","65","0"
"special defense","persian","65","0"
"speed","persian","115","2"
"hp","psyduck","50","0"
"attack","psyduck","52","0"
"defense","psyduck","48","0"
"special attack","psyduck","65","1"
"special defense","psyduck","50","0"
"speed","psyduck","55","0"
"hp","golduck","80","0"
"attack","golduck","82","0"
"defense","golduck","78","0"
"special attack","golduck","95","2"
"special defense","golduck","80","0"
"speed","golduck","85","0"
"hp","mankey","40","0"
"attack","mankey","80","1"
"defense","mankey","35","0"
"special attack","mankey","35","0"
"special defense","mankey","45","0"
"speed","mankey","70","0"
"hp","primeape","65","0"
"attack","primeape","105","2"
"defense","primeape","60","0"
"special attack","primeape","60","0"
"special defense","primeape","70","0"
"speed","primeape","95","0"
"hp","growlithe","55","0"
"attack","growlithe","70","1"
"defense","growlithe","45","0"
"special attack","growlithe","70","0"
"special defense","growlithe","50","0"
"speed","growlithe","60","0"
"hp","arcanine","90","0"
"attack","arcanine","110","2"
"defense","arcanine","80","0"
"special attack","arcanine","100","0"
"special defense","arcanine","80","0"
"speed","arcanine","95","0"
"hp","poliwag","40","0"
"attack","poliwag","50","0"
"defense","poliwag","40","0"
"special attack","poliwag","40","0"
"special defense","poliwag","40","0"
"speed","poliwag","90","1"
"hp","poliwhirl","65","0"
"attack","poliwhirl","65","0"
"defense","poliwhirl","65","0"
"special attack","poliwhirl","50","0"
"special defense","poliwhirl","50","0"
"speed","poliwhirl","90","2"
"hp","poliwrath","90","0"
"attack","poliwrath","95","0"
"defense","poliwrath","95","3"
"special attack","poliwrath","70","0"
"special defense","poliwrath","90","0"
"speed","poliwrath","70","0"
"hp","abra","25","0"
"attack","abra","20","0"
"defense","abra","15","0"
"special attack","abra","105","1"
"special defense","abra","55","0"
"speed","abra","90","0"
"hp","kadabra","40","0"
"attack","kadabra","35","0"
"defense","kadabra","30","0"
"special attack","kadabra","120","2"
"special defense","kadabra","70","0"
"speed","kadabra","105","0"
"hp","alakazam","55","0"
"attack","alakazam","50","0"
"defense","alakazam","45","0"
"special attack","alakazam","135","3"
"special defense","alakazam","95","0"
"speed","alakazam","120","0"
"hp","machop","70","0"
"attack","machop","80","1"
"defense","machop","50","0"
"special attack","machop","35","0"
"special defense","machop","35","0"
"speed","machop","35","0"
"hp","machoke","80","0"
"attack","machoke","100","2"
"defense","machoke","70","0"
"special attack","machoke","50","0"
"special defense","machoke","60","0"
"speed","machoke","45","0"
"hp","machamp","90","0"
"attack","machamp","130","3"
"defense","machamp","80","0"
"special attack","machamp","65","0"
"special defense","machamp","85","0"
"speed","machamp","55","0"
"hp","bellsprout","50","0"
"attack","bellsprout","75","1"
"defense","bellsprout","35","0"
"special attack","bellsprout","70","0"
"special defense","bellsprout","30","0"
"speed","bellsprout","40","0"
"hp","weepinbell","65","0"
"attack","weepinbell","90","2"
"defense","weepinbell","50","0"
"special attack","weepinbell","85","0"
"special defense","weepinbell","45","0"
"speed","weepinbell","55","0"
"hp","victreebel","80","0"
"attack","victreebel","105","3"
"defense","victreebel","65","0"
"special attack","victreebel","100","0"
"special defense","victreebel","70","0"
"speed","victreebel","70","0"
"hp","tentacool","40","0"
"attack","tentacool","40","0"
"defense","tentacool","35","0"
"special attack","tentacool","50","0"
"special defense","tentacool","100","1"
"speed","tentacool","70","0"
"hp","tentacruel","80","0"
"attack","tentacruel","70","0"
"defense","tentacruel","65","0"
"special attack","tentacruel","80","0"
"special defense","tentacruel","120","2"
"speed","tentacruel","100","0"
"hp","geodude","40","0"
"attack","geodude","80","0"
"defense","geodude","100","1"
"special attack","geodude","30","0"
"special defense","geodude","30","0"
"speed","geodude","20","0"
"hp","graveler","55","0"
"attack","graveler","95","0"
"defense","graveler","115","2"
"special attack","graveler","45","0"
"special defense","graveler","45","0"
"speed","graveler","35","0"
"hp","golem","80","0"
"attack","golem","120","0"
"defense","golem","130","3"
"special attack","golem","55","0"
"special defense","golem","65","0"
"speed","golem","45","0"
"hp","ponyta","50","0"
"attack","ponyta","85","0"
"defense","ponyta","55","0"
"special attack","ponyta","65","0"
"special defense","ponyta","65","0"
"speed","ponyta","90","1"
"hp","rapidash","65","0"
"attack","rapidash","100","0"
"defense","rapidash","70","0"
"special attack","rapidash","80","0"
"special defense","rapidash","80","0"
"speed","rapidash","105","2"
"hp","slowpoke","90","1"
"attack","slowpoke","65","0"
"defense","slowpoke","65","0"
"special attack","slowpoke","40","0"
"special defense","slowpoke","40","0"
"speed","slowpoke","15","0"
"hp","slowbro","95","0"
"attack","slowbro","75","0"
"defense","slowbro","110","2"
"special attack","slowbro","100","0"
"special defense","slowbro","80","0"
"speed","slowbro","30","0"
"hp","magnemite","25","0"
"attack","magnemite","35","0"
"defense","magnemite","70","0"
"special attack","magnemite","95","1"
"special defense","magnemite","55","0"
"speed","magnemite","45","0"
"hp","magneton","50","0"
"attack","magneton","60","0"
"defense","magneton","95","0"
"special attack","magneton","120","2"
"special defense","magneton","70","0"
"speed","magneton","70","0"
"hp","farfetchd","52","0"
"attack","farfetchd","90","1"
"defense","farfetchd","55","0"
"special attack","farfetchd","58","0"
"special defense","farfetchd","62","0"
"speed","farfetchd","60","0"
"hp","doduo","35","0"
"attack","doduo","85","1"
"defense","doduo","45","0"
"special attack","doduo","35","0"
"special defense","doduo","35","0"
"speed","doduo","75","0"
"hp","dodrio","60","0"
"attack","dodrio","110","2"
"defense","dodrio","70","0"
"special attack","dodrio","60","0"
"special defense","dodrio","60","0"
"speed","dodrio","110","0"
"hp","seel","65","0"
"attack","seel","45","0"
"defense","seel","55","0"
"special attack","seel","45","0"
"special defense","seel","70","1"
"speed","seel","45","0"
"hp","dewgong","90","0"
"attack","dewgong","70","0"
"defense","dewgong","80","0"
"special attack","dewgong","70","0"
"special defense","dewgong","95","2"
"speed","dewgong","70","0"
"hp","grimer","80","1"
"attack","grimer","80","0"
"defense","grimer","50","0"
"special attack","grimer","40","0"
"special defense","grimer","50","0"
"speed","grimer","25","0"
"hp","muk","105","1"
"attack","muk","105","1"
"defense","muk","75","0"
"special attack","muk","65","0"
"special defense","muk","100","0"
"speed","muk","50","0"
"hp","shellder","30","0"
"attack","shellder","65","0"
"defense","shellder","100","1"
"special attack","shellder","45","0"
"special defense","shellder","25","0"
"speed","shellder","40","0"
"hp","cloyster","50","0"
"attack","cloyster","95","0"
"defense","cloyster","180","2"
"special attack","cloyster","85","0"
"special defense","cloyster","45","0"
"speed","cloyster","70","0"
"hp","gastly","30","0"
"attack","gastly","35","0"
"defense","gastly","30","0"
"special attack","gastly","100","1"
"special defense","gastly","35","0"
"speed","gastly","80","0"
"hp","haunter","45","0"
"attack","haunter","50","0"
"defense","haunter","45","0"
"special attack","haunter","115","2"
"special defense","haunter","55","0"
"speed","haunter","95","0"
"hp","gengar","60","0"
"attack","gengar","65","0"
"defense","gengar","60","0"
"special attack","gengar","130","3"
"special defense","gengar","75","0"
"speed","gengar","110","0"
"hp","onix","35","0"
"attack","onix","45","0"
"defense","onix","160","1"
"special attack","onix","30","0"
"special defense","onix","45","0"
"speed","onix","70","0"
"hp","drowzee","60","0"
"attack","drowzee","48","0"
"defense","drowzee","45","0"
"special attack","drowzee","43","0"
"special defense","drowzee","90","1"
"speed","drowzee","42","0"
"hp","hypno","85","0"
"attack","hypno","73","0"
"defense","hypno","70","0"
"special attack","hypno","73","0"
"special defense","hypno","115","2"
"speed","hypno","67","0"
"hp","krabby","30","0"
"attack","krabby","105","1"
"defense","krabby","90","0"
"special attack","krabby","25","0"
"special defense","krabby","25","0"
"speed","krabby","50","0"
"hp","kingler","55","0"
"attack","kingler","130","2"
"defense","kingler","115","0"
"special attack","kingler","50","0"
"special defense","kingler","50","0"
"speed","kingler","75","0"
"hp","voltorb","40","0"
"attack","voltorb","30","0"
"defense","voltorb","50","0"
"special attack","voltorb","55","0"
"special defense","voltorb","55","0"
"speed","voltorb","100","1"
"hp","electrode","60","0"
"attack","electrode","50","0"
"defense","electrode","70","0"
"special attack","electrode","80","0"
"special defense","electrode","80","0"
"speed","electrode","150","2"
"hp","exeggcute","60","0"
"attack","exeggcute","40","0"
"defense","exeggcute","80","1"
"special attack","exeggcute","60","0"
"special defense","exeggcute","45","0"
"speed","exeggcute","40","0"
"hp","exeggutor","95","0"
"attack","exeggutor","95","0"
"defense","exeggutor","85","0"
"special attack","exeggutor","125","2"
"special defense","exeggutor","75","0"
"speed","exeggutor","55","0"
"hp","cubone","50","0"
"attack","cubone","50","0"
"defense","cubone","95","1"
"special attack","cubone","40","0"
"special defense","cubone","50","0"
"speed","cubone","35","0"
"hp","marowak","60","0"
"attack","marowak","80","0"
"defense","marowak","110","2"
"special attack","marowak","50","0"
"special defense","marowak","80","0"
"speed","marowak","45","0"
"hp","hitmonlee","50","0"
"attack","hitmonlee","120","2"
"defense","hitmonlee","53","0"
"special attack","hitmonlee","35","0"
"special defense","hitmonlee","110","0"
"speed","hitmonlee","87","0"
"hp","hitmonchan","50","0"
"attack","hitmonchan","105","0"
"defense","hitmonchan","79","0"
"special attack","hitmonchan","35","0"
"special defense","hitmonchan","110","2"
"speed","hitmonchan","76","0"
"hp","lickitung","90","2"
"attack","lickitung","55","0"
"defense","lickitung","75","0"
"special attack","lickitung","60","0"
"special defense","lickitung","75","0"
"speed","lickitung","30","0"
"hp","koffing","40","0"
"attack","koffing","65","0"
"defense","koffing","95","1"
"special attack","koffing","60","0"
"special defense","koffing","45","0"
"speed","koffing","35","0"
"hp","weezing","65","0"
"attack","weezing","90","0"
"defense","weezing","120","2"
"special attack","weezing","85","0"
"special defense","weezing","70","0"
"speed","weezing","60","0"
"hp","rhyhorn","80","0"
"attack","rhyhorn","85","0"
"defense","rhyhorn","95","1"
"special attack","rhyhorn","30","0"
"special defense","rhyhorn","30","0"
"speed","rhyhorn","25","0"
"hp","rhydon","105","0"
"attack","rhydon","130","2"
"defense","rhydon","120","0"
"special attack","rhydon","45","0"
"special defense","rhydon","45","0"
"speed","rhydon","40","0"
"hp","chansey","250","2"
"attack","chansey","5","0"
"defense","chansey","5","0"
"special attack","chansey","35","0"
"special defense","chansey","105","0"
"speed","chansey","50","0"
"hp","tangela","65","0"
"attack","tangela","55","0"
"defense","tangela","115","1"
"special attack","tangela","100","0"
"special defense","tangela","40","0"
"speed","tangela","60","0"
"hp","kangaskhan","105","2"
"attack","kangaskhan","95","0"
"defense","kangaskhan","80","0"
"special attack","kangaskhan","40","0"
"special defense","kangaskhan","80","0"
"speed","kangaskhan","90","0"
"hp","horsea","30","0"
"attack","horsea","40","0"
"defense","horsea","70","0"
"special attack","horsea","70","1"
"special defense","horsea","25","0"
"speed","horsea","60","0"
"hp","seadra","55","0"
"attack","seadra","65","0"
"defense","seadra","95","1"
"special attack","seadra","95","1"
"special defense","seadra","45","0"
"speed","seadra","85","0"
"hp","goldeen","45","0"
"attack","goldeen","67","1"
"defense","goldeen","60","0"
"special attack","goldeen","35","0"
"special defense","goldeen","50","0"
"speed","goldeen","63","0"
"hp","seaking","80","0"
"attack","seaking","92","2"
"defense","seaking","65","0"
"special attack","seaking","65","0"
"special defense","seaking","80","0"
"speed","seaking","68","0"
"hp","staryu","30","0"
"attack","staryu","45","0"
"defense","staryu","55","0"
"special attack","staryu","70","0"
"special defense","staryu","55","0"
"speed","staryu","85","1"
"hp","starmie","60","0"
"attack","starmie","75","0"
"defense","starmie","85","0"
"special attack","starmie","100","0"
"special defense","starmie","85","0"
"speed","starmie","115","2"
"hp","mr mime","40","0"
"attack","mr mime","45","0"
"defense","mr mime","65","0"
"special attack","mr mime","100","0"
"special defense","mr mime","120","2"
"speed","mr mime","90","0"
"hp","scyther","70","0"
"attack","scyther","110","1"
"defense","scyther","80","0"
"special attack","scyther","55","0"
"special defense","scyther","80","0"
"speed","scyther","105","0"
"hp","jynx","65","0"
"attack","jynx","50","0"
"defense","jynx","35","0"
"special attack","jynx","115","2"
"special defense","jynx","95","0"
"speed","jynx","95","0"
"hp","electabuzz","65","0"
"attack","electabuzz","83","0"
"defense","electabuzz","57","0"
"special attack","electabuzz","95","0"
"special defense","electabuzz","85","0"
"speed","electabuzz","105","2"
"hp","magmar","65","0"
"attack","magmar","95","0"
"defense","magmar","57","0"
"special attack","magmar","100","2"
"special defense","magmar","85","0"
"speed","magmar","93","0"
"hp","pinsir","65","0"
"attack","pinsir","125","2"
"defense","pinsir","100","0"
"special attack","pinsir","55","0"
"special defense","pinsir","70","0"
"speed","pinsir","85","0"
"hp","tauros","75","0"
"attack","tauros","100","1"
"defense","tauros","95","0"
"special attack","tauros","40","0"
"special defense","tauros","70","0"
"speed","tauros","110","1"
"hp","magikarp","20","0"
"attack","magikarp","10","0"
"defense","magikarp","55","0"
"special attack","magikarp","15","0"
"special defense","magikarp","20","0"
"speed","magikarp","80","1"
"hp","gyarados","95","0"
"attack","gyarados","125","2"
"defense","gyarados","79","0"
"special attack","gyarados","60","0"
"special defense","gyarados","100","0"
"speed","gyarados","81","0"
"hp","lapras","130","2"
"attack","lapras","85","0"
"defense","lapras","80","0"
"special attack","lapras","85","0"
"special defense","lapras","95","0"
"speed","lapras","60","0"
"hp","ditto","48","1"
"attack","ditto","48","0"
"defense","ditto","48","0"
"special attack","ditto","48","0"
"special defense","ditto","48","0"
"speed","ditto","48","0"
"hp","eevee","55","0"
"attack","eevee","55","0"
"defense","eevee","50","0"
"special attack","eevee","45","0"
"special defense","eevee","65","1"
"speed","eevee","55","0"
"hp","vaporeon","130","2"
"attack","vaporeon","65","0"
"defense","vaporeon","60","0"
"special attack","vaporeon","110","0"
"special defense","vaporeon","95","0"
"speed","vaporeon","65","0"
"hp","jolteon","65","0"
"attack","jolteon","65","0"
"defense","jolteon","60","0"
"special attack","jolteon","110","0"
"special defense","jolteon","95","0"
"speed","jolteon","130","2"
"hp","flareon","65","0"
"attack","flareon","130","2"
"defense","flareon","60","0"
"special attack","flareon","95","0"
"special defense","flareon","110","0"
"speed","flareon","65","0"
"hp","porygon","65","0"
"attack","porygon","60","0"
"defense","porygon","70","0"
"special attack","porygon","85","1"
"special defense","porygon","75","0"
"speed","porygon","40","0"
"hp","omanyte","35","0"
"attack","omanyte","40","0"
"defense","omanyte","100","1"
"special attack","omanyte","90","0"
"special defense","omanyte","55","0"
"speed","omanyte","35","0"
"hp","omastar","70","0"
"attack","omastar","60","0"
"defense","omastar","125","2"
"special attack","omastar","115","0"
"special defense","omastar","70","0"
"speed","omastar","55","0"
"hp","kabuto","30","0"
"attack","kabuto","80","0"
"defense","kabuto","90","1"
"special attack","kabuto","55","0"
"special defense","kabuto","45","0"
"speed","kabuto","55","0"
"hp","kabutops","60","0"
"attack","kabutops","115","2"
"defense","kabutops","105","0"
"special attack","kabutops","65","0"
"special defense","kabutops","70","0"
"speed","kabutops","80","0"
"hp","aerodactyl","80","0"
"attack","aerodactyl","105","0"
"defense","aerodactyl","65","0"
"special attack","aerodactyl","60","0"
"special defense","aerodactyl","75","0"
"speed","aerodactyl","130","2"
"hp","snorlax","160","2"
"attack","snorlax","110","0"
"defense","snorlax","65","0"
"special attack","snorlax","65","0"
"special defense","snorlax","110","0"
"speed","snorlax","30","0"
"hp","articuno","90","0"
"attack","articuno","85","0"
"defense","articuno","100","0"
"special attack","articuno","95","0"
"special defense","articuno","125","3"
"speed","articuno","85","0"
"hp","zapdos","90","0"
"attack","zapdos","90","0"
"defense","zapdos","85","0"
"special attack","zapdos","125","3"
"special defense","zapdos","90","0"
"speed","zapdos","100","0"
"hp","moltres","90","0"
"attack","moltres","100","0"
"defense","moltres","90","0"
"special attack","moltres","125","3"
"special defense","moltres","85","0"
"speed","moltres","90","0"
"hp","dratini","41","0"
"attack","dratini","64","1"
"defense","dratini","45","0"
"special attack","dratini","50","0"
"special defense","dratini","50","0"
"speed","dratini","50","0"
"hp","dragonair","61","0"
"attack","dragonair","84","2"
"defense","dragonair","65","0"
"special attack","dragonair","70","0"
"special defense","dragonair","70","0"
"speed","dragonair","70","0"
"hp","dragonite","91","0"
"attack","dragonite","134","3"
"defense","dragonite","95","0"
"special attack","dragonite","100","0"
"special defense","dragonite","100","0"
"speed","dragonite","80","0"
"hp","mewtwo","106","0"
"attack","mewtwo","110","0"
"defense","mewtwo","90","0"
"special attack","mewtwo","154","3"
"special defense","mewtwo","90","0"
"speed","mewtwo","130","0"
"hp","mew","100","3"
"attack","mew","100","0"
"defense","mew","100","0"
"special attack","mew","100","0"
"special defense","mew","100","0"
"speed","mew","100","0"
"hp","chikorita","45","0"
"attack","chikorita","49","0"
"defense","chikorita","65","0"
"special attack","chikorita","49","0"
"special defense","chikorita","65","1"
"speed","chikorita","45","0"
"hp","bayleef","60","0"
"attack","bayleef","62","0"
"defense","bayleef","80","1"
"special attack","bayleef","63","0"
"special defense","bayleef","80","1"
"speed","bayleef","60","0"
"hp","meganium","80","0"
"attack","meganium","82","0"
"defense","meganium","100","1"
"special attack","meganium","83","0"
"special defense","meganium","100","2"
"speed","meganium","80","0"
"hp","cyndaquil","39","0"
"attack","cyndaquil","52","0"
"defense","cyndaquil","43","0"
"special attack","cyndaquil","60","0"
"special defense","cyndaquil","50","0"
"speed","cyndaquil","65","1"
"hp","quilava","58","0"
"attack","quilava","64","0"
"defense","quilava","58","0"
"special attack","quilava","80","1"
"special defense","quilava","65","0"
"speed","quilava","80","1"
"hp","typhlosion","78","0"
"attack","typhlosion","84","0"
"defense","typhlosion","78","0"
"special attack","typhlosion","109","3"
"special defense","typhlosion","85","0"
"speed","typhlosion","100","0"
"hp","totodile","50","0"
"attack","totodile","65","1"
"defense","totodile","64","0"
"special attack","totodile","44","0"
"special defense","totodile","48","0"
"speed","totodile","43","0"
"hp","croconaw","65","0"
"attack","croconaw","80","1"
"defense","croconaw","80","1"
"special attack","croconaw","59","0"
"special defense","croconaw","63","0"
"speed","croconaw","58","0"
"hp","feraligatr","85","0"
"attack","feraligatr","105","2"
"defense","feraligatr","100","1"
"special attack","feraligatr","79","0"
"special defense","feraligatr","83","0"
"speed","feraligatr","78","0"
"hp","sentret","35","0"
"attack","sentret","46","1"
"defense","sentret","34","0"
"special attack","sentret","35","0"
"special defense","sentret","45","0"
"speed","sentret","20","0"
"hp","furret","85","0"
"attack","furret","76","0"
"defense","furret","64","0"
"special attack","furret","45","0"
"special defense","furret","55","0"
"speed","furret","90","2"
"hp","hoothoot","60","1"
"attack","hoothoot","30","0"
"defense","hoothoot","30","0"
"special attack","hoothoot","36","0"
"special defense","hoothoot","56","0"
"speed","hoothoot","50","0"
"hp","noctowl","100","2"
"attack","noctowl","50","0"
"defense","noctowl","50","0"
"special attack","noctowl","86","0"
"special defense","noctowl","96","0"
"speed","noctowl","70","0"
"hp","ledyba","40","0"
"attack","ledyba","20","0"
"defense","ledyba","30","0"
"special attack","ledyba","40","0"
"special defense","ledyba","80","1"
"speed","ledyba","55","0"
"hp","ledian","55","0"
"attack","ledian","35","0"
"defense","ledian","50","0"
"special attack","ledian","55","0"
"special defense","ledian","110","2"
"speed","ledian","85","0"
"hp","spinarak","40","0"
"attack","spinarak","60","1"
"defense","spinarak","40","0"
"special attack","spinarak","40","0"
"special defense","spinarak","40","0"
"speed","spinarak","30","0"
"hp","ariados","70","0"
"attack","ariados","90","2"
"defense","ariados","70","0"
"special attack","ariados","60","0"
"special defense","ariados","70","0"
"speed","ariados","40","0"
"hp","crobat","85","0"
"attack","crobat","90","0"
"defense","crobat","80","0"
"special attack","crobat","70","0"
"special defense","crobat","80","0"
"speed","crobat","130","3"
"hp","chinchou","75","1"
"attack","chinchou","38","0"
"defense","chinchou","38","0"
"special attack","chinchou","56","0"
"special defense","chinchou","56","0"
"speed","chinchou","67","0"
"hp","lanturn","125","2"
"attack","lanturn","58","0"
"defense","lanturn","58","0"
"special attack","lanturn","76","0"
"special defense","lanturn","76","0"
"speed","lanturn","67","0"
"hp","pichu","20","0"
"attack","pichu","40","0"
"defense","pichu","15","0"
"special attack","pichu","35","0"
"special defense","pichu","35","0"
"speed","pichu","60","1"
"hp","cleffa","50","0"
"attack","cleffa","25","0"
"defense","cleffa","28","0"
"special attack","cleffa","45","0"
"special defense","cleffa","55","1"
"speed","cleffa","15","0"
"hp","igglybuff","90","1"
"attack","igglybuff","30","0"
"defense","igglybuff","15","0"
"special attack","igglybuff","40","0"
"special defense","igglybuff","20","0"
"speed","igglybuff","15","0"
"hp","togepi","35","0"
"attack","togepi","20","0"
"defense","togepi","65","0"
"special attack","togepi","40","0"
"special defense","togepi","65","1"
"speed","togepi","20","0"
"hp","togetic","55","0"
"attack","togetic","40","0"
"defense","togetic","85","0"
"special attack","togetic","80","0"
"special defense","togetic","105","2"
"speed","togetic","40","0"
"hp","natu","40","0"
"attack","natu","50","0"
"defense","natu","45","0"
"special attack","natu","70","1"
"special defense","natu","45","0"
"speed","natu","70","0"
"hp","xatu","65","0"
"attack","xatu","75","0"
"defense","xatu","70","0"
"special attack","xatu","95","1"
"special defense","xatu","70","0"
"speed","xatu","95","1"
"hp","mareep","55","0"
"attack","mareep","40","0"
"defense","mareep","40","0"
"special attack","mareep","65","1"
"special defense","mareep","45","0"
"speed","mareep","35","0"
"hp","flaaffy","70","0"
"attack","flaaffy","55","0"
"defense","flaaffy","55","0"
"special attack","flaaffy","80","2"
"special defense","flaaffy","60","0"
"speed","flaaffy","45","0"
"hp","ampharos","90","0"
"attack","ampharos","75","0"
"defense","ampharos","85","0"
"special attack","ampharos","115","3"
"special defense","ampharos","90","0"
"speed","ampharos","55","0"
"hp","bellossom","75","0"
"attack","bellossom","80","0"
"defense","bellossom","95","0"
"special attack","bellossom","90","0"
"special defense","bellossom","100","3"
"speed","bellossom","50","0"
"hp","marill","70","2"
"attack","marill","20","0"
"defense","marill","50","0"
"special attack","marill","20","0"
"special defense","marill","50","0"
"speed","marill","40","0"
"hp","azumarill","100","3"
"attack","azumarill","50","0"
"defense","azumarill","80","0"
"special attack","azumarill","60","0"
"special defense","azumarill","80","0"
"speed","azumarill","50","0"
"hp","sudowoodo","70","0"
"attack","sudowoodo","100","0"
"defense","sudowoodo","115","2"
"special attack","sudowoodo","30","0"
"special defense","sudowoodo","65","0"
"speed","sudowoodo","30","0"
"hp","politoed","90","0"
"attack","politoed","75","0"
"defense","politoed","75","0"
"special attack","politoed","90","0"
"special defense","politoed","100","3"
"speed","politoed","70","0"
"hp","hoppip","35","0"
"attack","hoppip","35","0"
"defense","hoppip","40","0"
"special attack","hoppip","35","0"
"special defense","hoppip","55","1"
"speed","hoppip","50","0"
"hp","skiploom","55","0"
"attack","skiploom","45","0"
"defense","skiploom","50","0"
"special attack","skiploom","45","0"
"special defense","skiploom","65","0"
"speed","skiploom","80","2"
"hp","jumpluff","75","0"
"attack","jumpluff","55","0"
"defense","jumpluff","70","0"
"special attack","jumpluff","55","0"
"special defense","jumpluff","95","0"
"speed","jumpluff","110","3"
"hp","aipom","55","0"
"attack","aipom","70","0"
"defense","aipom","55","0"
"special attack","aipom","40","0"
"special defense","aipom","55","0"
"speed","aipom","85","1"
"hp","sunkern","30","0"
"attack","sunkern","30","0"
"defense","sunkern","30","0"
"special attack","sunkern","30","1"
"special defense","sunkern","30","0"
"speed","sunkern","30","0"
"hp","sunflora","75","0"
"attack","sunflora","75","0"
"defense","sunflora","55","0"
"special attack","sunflora","105","2"
"special defense","sunflora","85","0"
"speed","sunflora","30","0"
"hp","yanma","65","0"
"attack","yanma","65","0"
"defense","yanma","45","0"
"special attack","yanma","75","0"
"special defense","yanma","45","0"
"speed","yanma","95","1"
"hp","wooper","55","1"
"attack","wooper","45","0"
"defense","wooper","45","0"
"special attack","wooper","25","0"
"special defense","wooper","25","0"
"speed","wooper","15","0"
"hp","quagsire","95","2"
"attack","quagsire","85","0"
"defense","quagsire","85","0"
"special attack","quagsire","65","0"
"special defense","quagsire","65","0"
"speed","quagsire","35","0"
"hp","espeon","65","0"
"attack","espeon","65","0"
"defense","espeon","60","0"
"special attack","espeon","130","2"
"special defense","espeon","95","0"
"speed","espeon","110","0"
"hp","umbreon","95","0"
"attack","umbreon","65","0"
"defense","umbreon","110","0"
"special attack","umbreon","60","0"
"special defense","umbreon","130","2"
"speed","umbreon","65","0"
"hp","murkrow","60","0"
"attack","murkrow","85","0"
"defense","murkrow","42","0"
"special attack","murkrow","85","0"
"special defense","murkrow","42","0"
"speed","murkrow","91","1"
"hp","slowking","95","0"
"attack","slowking","75","0"
"defense","slowking","80","0"
"special attack","slowking","100","0"
"special defense","slowking","110","2"
"speed","slowking","30","0"
"hp","misdreavus","60","0"
"attack","misdreavus","60","0"
"defense","misdreavus","60","0"
"special attack","misdreavus","85","0"
"special defense","misdreavus","85","1"
"speed","misdreavus","85","0"
"hp","unown","48","0"
"attack","unown","72","1"
"defense","unown","48","0"
"special attack","unown","72","1"
"special defense","unown","48","0"
"speed","unown","48","0"
"hp","wobbuffet","190","2"
"attack","wobbuffet","33","0"
"defense","wobbuffet","58","0"
"special attack","wobbuffet","33","0"
"special defense","wobbuffet","58","0"
"speed","wobbuffet","33","0"
"hp","girafarig","70","0"
"attack","girafarig","80","0"
"defense","girafarig","65","0"
"special attack","girafarig","90","2"
"special defense","girafarig","65","0"
"speed","girafarig","85","0"
"hp","pineco","50","0"
"attack","pineco","65","0"
"defense","pineco","90","1"
"special attack","pineco","35","0"
"special defense","pineco","35","0"
"speed","pineco","15","0"
"hp","forretress","75","0"
"attack","forretress","90","0"
"defense","forretress","140","2"
"special attack","forretress","60","0"
"special defense","forretress","60","0"
"speed","forretress","40","0"
"hp","dunsparce","100","1"
"attack","dunsparce","70","0"
"defense","dunsparce","70","0"
"special attack","dunsparce","65","0"
"special defense","dunsparce","65","0"
"speed","dunsparce","45","0"
"hp","gligar","65","0"
"attack","gligar","75","0"
"defense","gligar","105","1"
"special attack","gligar","35","0"
"special defense","gligar","65","0"
"speed","gligar","85","0"
"hp","steelix","75","0"
"attack","steelix","85","0"
"defense","steelix","200","2"
"special attack","steelix","55","0"
"special defense","steelix","65","0"
"speed","steelix","30","0"
"hp","snubbull","60","0"
"attack","snubbull","80","1"
"defense","snubbull","50","0"
"special attack","snubbull","40","0"
"special defense","snubbull","40","0"
"speed","snubbull","30","0"
"hp","granbull","90","0"
"attack","granbull","120","2"
"defense","granbull","75","0"
"special attack","granbull","60","0"
"special defense","granbull","60","0"
"speed","granbull","45","0"
"hp","qwilfish","65","0"
"attack","qwilfish","95","1"
"defense","qwilfish","85","0"
"special attack","qwilfish","55","0"
"special defense","qwilfish","55","0"
"speed","qwilfish","85","0"
"hp","scizor","70","0"
"attack","scizor","130","2"
"defense","scizor","100","0"
"special attack","scizor","55","0"
"special defense","scizor","80","0"
"speed","scizor","65","0"
"hp","shuckle","20","0"
"attack","shuckle","10","0"
"defense","shuckle","230","1"
"special attack","shuckle","10","0"
"special defense","shuckle","230","1"
"speed","shuckle","5","0"
"hp","heracross","80","0"
"attack","heracross","125","2"
"defense","heracross","75","0"
"special attack","heracross","40","0"
"special defense","heracross","95","0"
"speed","heracross","85","0"
"hp","sneasel","55","0"
"attack","sneasel","95","0"
"defense","sneasel","55","0"
"special attack","sneasel","35","0"
"special defense","sneasel","75","0"
"speed","sneasel","115","1"
"hp","teddiursa","60","0"
"attack","teddiursa","80","1"
"defense","teddiursa","50","0"
"special attack","teddiursa","50","0"
"special defense","teddiursa","50","0"
"speed","teddiursa","40","0"
"hp","ursaring","90","0"
"attack","ursaring","130","2"
"defense","ursaring","75","0"
"special attack","ursaring","75","0"
"special defense","ursaring","75","0"
"speed","ursaring","55","0"
"hp","slugma","40","0"
"attack","slugma","40","0"
"defense","slugma","40","0"
"special attack","slugma","70","1"
"special defense","slugma","40","0"
"speed","slugma","20","0"
"hp","magcargo","60","0"
"attack","magcargo","50","0"
"defense","magcargo","120","2"
"special attack","magcargo","90","0"
"special defense","magcargo","80","0"
"speed","magcargo","30","0"
"hp","swinub","50","0"
"attack","swinub","50","1"
"defense","swinub","40","0"
"special attack","swinub","30","0"
"special defense","swinub","30","0"
"speed","swinub","50","0"
"hp","piloswine","100","1"
"attack","piloswine","100","1"
"defense","piloswine","80","0"
"special attack","piloswine","60","0"
"special defense","piloswine","60","0"
"speed","piloswine","50","0"
"hp","corsola","65","0"
"attack","corsola","55","0"
"defense","corsola","95","1"
"special attack","corsola","65","0"
"special defense","corsola","95","1"
"speed","corsola","35","0"
"hp","remoraid","35","0"
"attack","remoraid","65","0"
"defense","remoraid","35","0"
"special attack","remoraid","65","1"
"special defense","remoraid","35","0"
"speed","remoraid","65","0"
"hp","octillery","75","0"
"attack","octillery","105","1"
"defense","octillery","75","0"
"special attack","octillery","105","1"
"special defense","octillery","75","0"
"speed","octillery","45","0"
"hp","delibird","45","0"
"attack","delibird","55","0"
"defense","delibird","45","0"
"special attack","delibird","65","0"
"special defense","delibird","45","0"
"speed","delibird","75","1"
"hp","mantine","85","0"
"attack","mantine","40","0"
"defense","mantine","70","0"
"special attack","mantine","80","0"
"special defense","mantine","140","2"
"speed","mantine","70","0"
"hp","skarmory","65","0"
"attack","skarmory","80","0"
"defense","skarmory","140","2"
"special attack","skarmory","40","0"
"special defense","skarmory","70","0"
"speed","skarmory","70","0"
"hp","houndour","45","0"
"attack","houndour","60","0"
"defense","houndour","30","0"
"special attack","houndour","80","1"
"special defense","houndour","50","0"
"speed","houndour","65","0"
"hp","houndoom","75","0"
"attack","houndoom","90","0"
"defense","houndoom","50","0"
"special attack","houndoom","110","2"
"special defense","houndoom","80","0"
"speed","houndoom","95","0"
"hp","kingdra","75","0"
"attack","kingdra","95","1"
"defense","kingdra","95","0"
"special attack","kingdra","95","1"
"special defense","kingdra","95","1"
"speed","kingdra","85","0"
"hp","phanpy","90","1"
"attack","phanpy","60","0"
"defense","phanpy","60","0"
"special attack","phanpy","40","0"
"special defense","phanpy","40","0"
"speed","phanpy","40","0"
"hp","donphan","90","0"
"attack","donphan","120","1"
"defense","donphan","120","1"
"special attack","donphan","60","0"
"special defense","donphan","60","0"
"speed","donphan","50","0"
"hp","porygon2","85","0"
"attack","porygon2","80","0"
"defense","porygon2","90","0"
"special attack","porygon2","105","2"
"special defense","porygon2","95","0"
"speed","porygon2","60","0"
"hp","stantler","73","0"
"attack","stantler","95","1"
"defense","stantler","62","0"
"special attack","stantler","85","0"
"special defense","stantler","65","0"
"speed","stantler","85","0"
"hp","smeargle","55","0"
"attack","smeargle","20","0"
"defense","smeargle","35","0"
"special attack","smeargle","20","0"
"special defense","smeargle","45","0"
"speed","smeargle","75","1"
"hp","tyrogue","35","0"
"attack","tyrogue","35","1"
"defense","tyrogue","35","0"
"special attack","tyrogue","35","0"
"special defense","tyrogue","35","0"
"speed","tyrogue","35","0"
"hp","hitmontop","50","0"
"attack","hitmontop","95","0"
"defense","hitmontop","95","0"
"special attack","hitmontop","35","0"
"special defense","hitmontop","110","2"
"speed","hitmontop","70","0"
"hp","smoochum","45","0"
"attack","smoochum","30","0"
"defense","smoochum","15","0"
"special attack","smoochum","85","1"
"special defense","smoochum","65","0"
"speed","smoochum","65","0"
"hp","elekid","45","0"
"attack","elekid","63","0"
"defense","elekid","37","0"
"special attack","elekid","65","0"
"special defense","elekid","55","0"
"speed","elekid","95","1"
"hp","magby","45","0"
"attack","magby","75","0"
"defense","magby","37","0"
"special attack","magby","70","0"
"special defense","magby","55","0"
"speed","magby","83","1"
"hp","miltank","95","0"
"attack","miltank","80","0"
"defense","miltank","105","2"
"special attack","miltank","40","0"
"special defense","miltank","70","0"
"speed","miltank","100","0"
"hp","blissey","255","3"
"attack","blissey","10","0"
"defense","blissey","10","0"
"special attack","blissey","75","0"
"special defense","blissey","135","0"
"speed","blissey","55","0"
"hp","raikou","90","0"
"attack","raikou","85","0"
"defense","raikou","75","0"
"special attack","raikou","115","1"
"special defense","raikou","100","0"
"speed","raikou","115","2"
"hp","entei","115","1"
"attack","entei","115","2"
"defense","entei","85","0"
"special attack","entei","90","0"
"special defense","entei","75","0"
"speed","entei","100","0"
"hp","suicune","100","0"
"attack","suicune","75","0"
"defense","suicune","115","1"
"special attack","suicune","90","0"
"special defense","suicune","115","2"
"speed","suicune","85","0"
"hp","larvitar","50","0"
"attack","larvitar","64","1"
"defense","larvitar","50","0"
"special attack","larvitar","45","0"
"special defense","larvitar","50","0"
"speed","larvitar","41","0"
"hp","pupitar","70","0"
"attack","pupitar","84","2"
"defense","pupitar","70","0"
"special attack","pupitar","65","0"
"special defense","pupitar","70","0"
"speed","pupitar","51","0"
"hp","tyranitar","100","0"
"attack","tyranitar","134","3"
"defense","tyranitar","110","0"
"special attack","tyranitar","95","0"
"special defense","tyranitar","100","0"
"speed","tyranitar","61","0"
"hp","lugia","106","0"
"attack","lugia","90","0"
"defense","lugia","130","0"
"special attack","lugia","90","0"
"special defense","lugia","154","3"
"speed","lugia","110","0"
"hp","ho oh","106","0"
"attack","ho oh","130","0"
"defense","ho oh","90","0"
"special attack","ho oh","110","0"
"special defense","ho oh","154","3"
"speed","ho oh","90","0"
"hp","celebi","100","3"
"attack","celebi","100","0"
"defense","celebi","100","0"
"special attack","celebi","100","0"
"special defense","celebi","100","0"
"speed","celebi","100","0"
"hp","treecko","40","0"
"attack","treecko","45","0"
"defense","treecko","35","0"
"special attack","treecko","65","0"
"special defense","treecko","55","0"
"speed","treecko","70","1"
"hp","grovyle","50","0"
"attack","grovyle","65","0"
"defense","grovyle","45","0"
"special attack","grovyle","85","0"
"special defense","grovyle","65","0"
"speed","grovyle","95","2"
"hp","sceptile","70","0"
"attack","sceptile","85","0"
"defense","sceptile","65","0"
"special attack","sceptile","105","0"
"special defense","sceptile","85","0"
"speed","sceptile","120","3"
"hp","torchic","45","0"
"attack","torchic","60","0"
"defense","torchic","40","0"
"special attack","torchic","70","1"
"special defense","torchic","50","0"
"speed","torchic","45","0"
"hp","combusken","60","0"
"attack","combusken","85","1"
"defense","combusken","60","0"
"special attack","combusken","85","1"
"special defense","combusken","60","0"
"speed","combusken","55","0"
"hp","blaziken","80","0"
"attack","blaziken","120","3"
"defense","blaziken","70","0"
"special attack","blaziken","110","0"
"special defense","blaziken","70","0"
"speed","blaziken","80","0"
"hp","mudkip","50","0"
"attack","mudkip","70","1"
"defense","mudkip","50","0"
"special attack","mudkip","50","0"
"special defense","mudkip","50","0"
"speed","mudkip","40","0"
"hp","marshtomp","70","0"
"attack","marshtomp","85","2"
"defense","marshtomp","70","0"
"special attack","marshtomp","60","0"
"special defense","marshtomp","70","0"
"speed","marshtomp","50","0"
"hp","swampert","100","0"
"attack","swampert","110","3"
"defense","swampert","90","0"
"special attack","swampert","85","0"
"special defense","swampert","90","0"
"speed","swampert","60","0"
"hp","poochyena","35","0"
"attack","poochyena","55","1"
"defense","poochyena","35","0"
"special attack","poochyena","30","0"
"special defense","poochyena","30","0"
"speed","poochyena","35","0"
"hp","mightyena","70","0"
"attack","mightyena","90","2"
"defense","mightyena","70","0"
"special attack","mightyena","60","0"
"special defense","mightyena","60","0"
"speed","mightyena","70","0"
"hp","zigzagoon","38","0"
"attack","zigzagoon","30","0"
"defense","zigzagoon","41","0"
"special attack","zigzagoon","30","0"
"special defense","zigzagoon","41","0"
"speed","zigzagoon","60","1"
"hp","linoone","78","0"
"attack","linoone","70","0"
"defense","linoone","61","0"
"special attack","linoone","50","0"
"special defense","linoone","61","0"
"speed","linoone","100","2"
"hp","wurmple","45","1"
"attack","wurmple","45","0"
"defense","wurmple","35","0"
"special attack","wurmple","20","0"
"special defense","wurmple","30","0"
"speed","wurmple","20","0"
"hp","silcoon","50","0"
"attack","silcoon","35","0"
"defense","silcoon","55","2"
"special attack","silcoon","25","0"
"special defense","silcoon","25","0"
"speed","silcoon","15","0"
"hp","beautifly","60","0"
"attack","beautifly","70","0"
"defense","beautifly","50","0"
"special attack","beautifly","100","3"
"special defense","beautifly","50","0"
"speed","beautifly","65","0"
"hp","cascoon","50","0"
"attack","cascoon","35","0"
"defense","cascoon","55","2"
"special attack","cascoon","25","0"
"special defense","cascoon","25","0"
"speed","cascoon","15","0"
"hp","dustox","60","0"
"attack","dustox","50","0"
"defense","dustox","70","0"
"special attack","dustox","50","0"
"special defense","dustox","90","3"
"speed","dustox","65","0"
"hp","lotad","40","0"
"attack","lotad","30","0"
"defense","lotad","30","0"
"special attack","lotad","40","0"
"special defense","lotad","50","1"
"speed","lotad","30","0"
"hp","lombre","60","0"
"attack","lombre","50","0"
"defense","lombre","50","0"
"special attack","lombre","60","0"
"special defense","lombre","70","2"
"speed","lombre","50","0"
"hp","ludicolo","80","0"
"attack","ludicolo","70","0"
"defense","ludicolo","70","0"
"special attack","ludicolo","90","0"
"special defense","ludicolo","100","3"
"speed","ludicolo","70","0"
"hp","seedot","40","0"
"attack","seedot","40","0"
"defense","seedot","50","1"
"special attack","seedot","30","0"
"special defense","seedot","30","0"
"speed","seedot","30","0"
"hp","nuzleaf","70","0"
"attack","nuzleaf","70","2"
"defense","nuzleaf","40","0"
"special attack","nuzleaf","60","0"
"special defense","nuzleaf","40","0"
"speed","nuzleaf","60","0"
"hp","shiftry","90","0"
"attack","shiftry","100","3"
"defense","shiftry","60","0"
"special attack","shiftry","90","0"
"special defense","shiftry","60","0"
"speed","shiftry","80","0"
"hp","taillow","40","0"
"attack","taillow","55","0"
"defense","taillow","30","0"
"special attack","taillow","30","0"
"special defense","taillow","30","0"
"speed","taillow","85","1"
"hp","swellow","60","0"
"attack","swellow","85","0"
"defense","swellow","60","0"
"special attack","swellow","75","0"
"special defense","swellow","50","0"
"speed","swellow","125","2"
"hp","wingull","40","0"
"attack","wingull","30","0"
"defense","wingull","30","0"
"special attack","wingull","55","0"
"special defense","wingull","30","0"
"speed","wingull","85","1"
"hp","pelipper","60","0"
"attack","pelipper","50","0"
"defense","pelipper","100","2"
"special attack","pelipper","95","0"
"special defense","pelipper","70","0"
"speed","pelipper","65","0"
"hp","ralts","28","0"
"attack","ralts","25","0"
"defense","ralts","25","0"
"special attack","ralts","45","1"
"special defense","ralts","35","0"
"speed","ralts","40","0"
"hp","kirlia","38","0"
"attack","kirlia","35","0"
"defense","kirlia","35","0"
"special attack","kirlia","65","2"
"special defense","kirlia","55","0"
"speed","kirlia","50","0"
"hp","gardevoir","68","0"
"attack","gardevoir","65","0"
"defense","gardevoir","65","0"
"special attack","gardevoir","125","3"
"special defense","gardevoir","115","0"
"speed","gardevoir","80","0"
"hp","surskit","40","0"
"attack","surskit","30","0"
"defense","surskit","32","0"
"special attack","surskit","50","0"
"special defense","surskit","52","0"
"speed","surskit","65","1"
"hp","masquerain","70","0"
"attack","masquerain","60","0"
"defense","masquerain","62","0"
"special attack","masquerain","100","1"
"special defense","masquerain","82","1"
"speed","masquerain","80","0"
"hp","shroomish","60","1"
"attack","shroomish","40","0"
"defense","shroomish","60","0"
"special attack","shroomish","40","0"
"special defense","shroomish","60","0"
"speed","shroomish","35","0"
"hp","breloom","60","0"
"attack","breloom","130","2"
"defense","breloom","80","0"
"special attack","breloom","60","0"
"special defense","breloom","60","0"
"speed","breloom","70","0"
"hp","slakoth","60","1"
"attack","slakoth","60","0"
"defense","slakoth","60","0"
"special attack","slakoth","35","0"
"special defense","slakoth","35","0"
"speed","slakoth","30","0"
"hp","vigoroth","80","0"
"attack","vigoroth","80","0"
"defense","vigoroth","80","0"
"special attack","vigoroth","55","0"
"special defense","vigoroth","55","0"
"speed","vigoroth","90","2"
"hp","slaking","150","3"
"attack","slaking","160","0"
"defense","slaking","100","0"
"special attack","slaking","95","0"
"special defense","slaking","65","0"
"speed","slaking","100","0"
"hp","nincada","31","0"
"attack","nincada","45","0"
"defense","nincada","90","1"
"special attack","nincada","30","0"
"special defense","nincada","30","0"
"speed","nincada","40","0"
"hp","ninjask","61","0"
"attack","ninjask","90","0"
"defense","ninjask","45","0"
"special attack","ninjask","50","0"
"special defense","ninjask","50","0"
"speed","ninjask","160","2"
"hp","shedinja","1","2"
"attack","shedinja","90","0"
"defense","shedinja","45","0"
"special attack","shedinja","30","0"
"special defense","shedinja","30","0"
"speed","shedinja","40","0"
"hp","whismur","64","1"
"attack","whismur","51","0"
"defense","whismur","23","0"
"special attack","whismur","51","0"
"special defense","whismur","23","0"
"speed","whismur","28","0"
"hp","loudred","84","2"
"attack","loudred","71","0"
"defense","loudred","43","0"
"special attack","loudred","71","0"
"special defense","loudred","43","0"
"speed","loudred","48","0"
"hp","exploud","104","3"
"attack","exploud","91","0"
"defense","exploud","63","0"
"special attack","exploud","91","0"
"special defense","exploud","73","0"
"speed","exploud","68","0"
"hp","makuhita","72","1"
"attack","makuhita","60","0"
"defense","makuhita","30","0"
"special attack","makuhita","20","0"
"special defense","makuhita","30","0"
"speed","makuhita","25","0"
"hp","hariyama","144","2"
"attack","hariyama","120","0"
"defense","hariyama","60","0"
"special attack","hariyama","40","0"
"special defense","hariyama","60","0"
"speed","hariyama","50","0"
"hp","azurill","50","1"
"attack","azurill","20","0"
"defense","azurill","40","0"
"special attack","azurill","20","0"
"special defense","azurill","40","0"
"speed","azurill","20","0"
"hp","nosepass","30","0"
"attack","nosepass","45","0"
"defense","nosepass","135","1"
"special attack","nosepass","45","0"
"special defense","nosepass","90","0"
"speed","nosepass","30","0"
"hp","skitty","50","0"
"attack","skitty","45","0"
"defense","skitty","45","0"
"special attack","skitty","35","0"
"special defense","skitty","35","0"
"speed","skitty","50","1"
"hp","delcatty","70","1"
"attack","delcatty","65","0"
"defense","delcatty","65","0"
"special attack","delcatty","55","0"
"special defense","delcatty","55","0"
"speed","delcatty","90","1"
"hp","sableye","50","0"
"attack","sableye","75","1"
"defense","sableye","75","1"
"special attack","sableye","65","0"
"special defense","sableye","65","0"
"speed","sableye","50","0"
"hp","mawile","50","0"
"attack","mawile","85","1"
"defense","mawile","85","1"
"special attack","mawile","55","0"
"special defense","mawile","55","0"
"speed","mawile","50","0"
"hp","aron","50","0"
"attack","aron","70","0"
"defense","aron","100","1"
"special attack","aron","40","0"
"special defense","aron","40","0"
"speed","aron","30","0"
"hp","lairon","60","0"
"attack","lairon","90","0"
"defense","lairon","140","2"
"special attack","lairon","50","0"
"special defense","lairon","50","0"
"speed","lairon","40","0"
"hp","aggron","70","0"
"attack","aggron","110","0"
"defense","aggron","180","3"
"special attack","aggron","60","0"
"special defense","aggron","60","0"
"speed","aggron","50","0"
"hp","meditite","30","0"
"attack","meditite","40","0"
"defense","meditite","55","0"
"special attack","meditite","40","0"
"special defense","meditite","55","0"
"speed","meditite","60","1"
"hp","medicham","60","0"
"attack","medicham","60","0"
"defense","medicham","75","0"
"special attack","medicham","60","0"
"special defense","medicham","75","0"
"speed","medicham","80","2"
"hp","electrike","40","0"
"attack","electrike","45","0"
"defense","electrike","40","0"
"special attack","electrike","65","0"
"special defense","electrike","40","0"
"speed","electrike","65","1"
"hp","manectric","70","0"
"attack","manectric","75","0"
"defense","manectric","60","0"
"special attack","manectric","105","0"
"special defense","manectric","60","0"
"speed","manectric","105","2"
"hp","plusle","60","0"
"attack","plusle","50","0"
"defense","plusle","40","0"
"special attack","plusle","85","0"
"special defense","plusle","75","0"
"speed","plusle","95","1"
"hp","minun","60","0"
"attack","minun","40","0"
"defense","minun","50","0"
"special attack","minun","75","0"
"special defense","minun","85","0"
"speed","minun","95","1"
"hp","volbeat","65","0"
"attack","volbeat","73","0"
"defense","volbeat","75","0"
"special attack","volbeat","47","0"
"special defense","volbeat","85","0"
"speed","volbeat","85","1"
"hp","illumise","65","0"
"attack","illumise","47","0"
"defense","illumise","75","0"
"special attack","illumise","73","0"
"special defense","illumise","85","0"
"speed","illumise","85","1"
"hp","roselia","50","0"
"attack","roselia","60","0"
"defense","roselia","45","0"
"special attack","roselia","100","2"
"special defense","roselia","80","0"
"speed","roselia","65","0"
"hp","gulpin","70","1"
"attack","gulpin","43","0"
"defense","gulpin","53","0"
"special attack","gulpin","43","0"
"special defense","gulpin","53","0"
"speed","gulpin","40","0"
"hp","swalot","100","2"
"attack","swalot","73","0"
"defense","swalot","83","0"
"special attack","swalot","73","0"
"special defense","swalot","83","0"
"speed","swalot","55","0"
"hp","carvanha","45","0"
"attack","carvanha","90","1"
"defense","carvanha","20","0"
"special attack","carvanha","65","0"
"special defense","carvanha","20","0"
"speed","carvanha","65","0"
"hp","sharpedo","70","0"
"attack","sharpedo","120","2"
"defense","sharpedo","40","0"
"special attack","sharpedo","95","0"
"special defense","sharpedo","40","0"
"speed","sharpedo","95","0"
"hp","wailmer","130","1"
"attack","wailmer","70","0"
"defense","wailmer","35","0"
"special attack","wailmer","70","0"
"special defense","wailmer","35","0"
"speed","wailmer","60","0"
"hp","wailord","170","2"
"attack","wailord","90","0"
"defense","wailord","45","0"
"special attack","wailord","90","0"
"special defense","wailord","45","0"
"speed","wailord","60","0"
"hp","numel","60","0"
"attack","numel","60","0"
"defense","numel","40","0"
"special attack","numel","65","1"
"special defense","numel","45","0"
"speed","numel","35","0"
"hp","camerupt","70","0"
"attack","camerupt","100","1"
"defense","camerupt","70","0"
"special attack","camerupt","105","1"
"special defense","camerupt","75","0"
"speed","camerupt","40","0"
"hp","torkoal","70","0"
"attack","torkoal","85","0"
"defense","torkoal","140","2"
"special attack","torkoal","85","0"
"special defense","torkoal","70","0"
"speed","torkoal","20","0"
"hp","spoink","60","0"
"attack","spoink","25","0"
"defense","spoink","35","0"
"special attack","spoink","70","0"
"special defense","spoink","80","1"
"speed","spoink","60","0"
"hp","grumpig","80","0"
"attack","grumpig","45","0"
"defense","grumpig","65","0"
"special attack","grumpig","90","0"
"special defense","grumpig","110","2"
"speed","grumpig","80","0"
"hp","spinda","60","0"
"attack","spinda","60","0"
"defense","spinda","60","0"
"special attack","spinda","60","1"
"special defense","spinda","60","0"
"speed","spinda","60","0"
"hp","trapinch","45","0"
"attack","trapinch","100","1"
"defense","trapinch","45","0"
"special attack","trapinch","45","0"
"special defense","trapinch","45","0"
"speed","trapinch","10","0"
"hp","vibrava","50","0"
"attack","vibrava","70","1"
"defense","vibrava","50","0"
"special attack","vibrava","50","0"
"special defense","vibrava","50","0"
"speed","vibrava","70","1"
"hp","flygon","80","0"
"attack","flygon","100","1"
"defense","flygon","80","0"
"special attack","flygon","80","0"
"special defense","flygon","80","0"
"speed","flygon","100","2"
"hp","cacnea","50","0"
"attack","cacnea","85","0"
"defense","cacnea","40","0"
"special attack","cacnea","85","1"
"special defense","cacnea","40","0"
"speed","cacnea","35","0"
"hp","cacturne","70","0"
"attack","cacturne","115","1"
"defense","cacturne","60","0"
"special attack","cacturne","115","1"
"special defense","cacturne","60","0"
"speed","cacturne","55","0"
"hp","swablu","45","0"
"attack","swablu","40","0"
"defense","swablu","60","0"
"special attack","swablu","40","0"
"special defense","swablu","75","1"
"speed","swablu","50","0"
"hp","altaria","75","0"
"attack","altaria","70","0"
"defense","altaria","90","0"
"special attack","altaria","70","0"
"special defense","altaria","105","2"
"speed","altaria","80","0"
"hp","zangoose","73","0"
"attack","zangoose","115","2"
"defense","zangoose","60","0"
"special attack","zangoose","60","0"
"special defense","zangoose","60","0"
"speed","zangoose","90","0"
"hp","seviper","73","0"
"attack","seviper","100","1"
"defense","seviper","60","0"
"special attack","seviper","100","1"
"special defense","seviper","60","0"
"speed","seviper","65","0"
"hp","lunatone","90","0"
"attack","lunatone","55","0"
"defense","lunatone","65","0"
"special attack","lunatone","95","2"
"special defense","lunatone","85","0"
"speed","lunatone","70","0"
"hp","solrock","90","0"
"attack","solrock","95","2"
"defense","solrock","85","0"
"special attack","solrock","55","0"
"special defense","solrock","65","0"
"speed","solrock","70","0"
"hp","barboach","50","1"
"attack","barboach","48","0"
"defense","barboach","43","0"
"special attack","barboach","46","0"
"special defense","barboach","41","0"
"speed","barboach","60","0"
"hp","whiscash","110","2"
"attack","whiscash","78","0"
"defense","whiscash","73","0"
"special attack","whiscash","76","0"
"special defense","whiscash","71","0"
"speed","whiscash","60","0"
"hp","corphish","43","0"
"attack","corphish","80","1"
"defense","corphish","65","0"
"special attack","corphish","50","0"
"special defense","corphish","35","0"
"speed","corphish","35","0"
"hp","crawdaunt","63","0"
"attack","crawdaunt","120","2"
"defense","crawdaunt","85","0"
"special attack","crawdaunt","90","0"
"special defense","crawdaunt","55","0"
"speed","crawdaunt","55","0"
"hp","baltoy","40","0"
"attack","baltoy","40","0"
"defense","baltoy","55","0"
"special attack","baltoy","40","0"
"special defense","baltoy","70","1"
"speed","baltoy","55","0"
"hp","claydol","60","0"
"attack","claydol","70","0"
"defense","claydol","105","0"
"special attack","claydol","70","0"
"special defense","claydol","120","2"
"speed","claydol","75","0"
"hp","lileep","66","0"
"attack","lileep","41","0"
"defense","lileep","77","0"
"special attack","lileep","61","0"
"special defense","lileep","87","1"
"speed","lileep","23","0"
"hp","cradily","86","0"
"attack","cradily","81","0"
"defense","cradily","97","0"
"special attack","cradily","81","0"
"special defense","cradily","107","2"
"speed","cradily","43","0"
"hp","anorith","45","0"
"attack","anorith","95","1"
"defense","anorith","50","0"
"special attack","anorith","40","0"
"special defense","anorith","50","0"
"speed","anorith","75","0"
"hp","armaldo","75","0"
"attack","armaldo","125","2"
"defense","armaldo","100","0"
"special attack","armaldo","70","0"
"special defense","armaldo","80","0"
"speed","armaldo","45","0"
"hp","feebas","20","0"
"attack","feebas","15","0"
"defense","feebas","20","0"
"special attack","feebas","10","0"
"special defense","feebas","55","0"
"speed","feebas","80","1"
"hp","milotic","95","0"
"attack","milotic","60","0"
"defense","milotic","79","0"
"special attack","milotic","100","0"
"special defense","milotic","125","2"
"speed","milotic","81","0"
"hp","castform","70","1"
"attack","castform","70","0"
"defense","castform","70","0"
"special attack","castform","70","0"
"special defense","castform","70","0"
"speed","castform","70","0"
"hp","kecleon","60","0"
"attack","kecleon","90","0"
"defense","kecleon","70","0"
"special attack","kecleon","60","0"
"special defense","kecleon","120","1"
"speed","kecleon","40","0"
"hp","shuppet","44","0"
"attack","shuppet","75","1"
"defense","shuppet","35","0"
"special attack","shuppet","63","0"
"special defense","shuppet","33","0"
"speed","shuppet","45","0"
"hp","banette","64","0"
"attack","banette","115","2"
"defense","banette","65","0"
"special attack","banette","83","0"
"special defense","banette","63","0"
"speed","banette","65","0"
"hp","duskull","20","0"
"attack","duskull","40","0"
"defense","duskull","90","0"
"special attack","duskull","30","0"
"special defense","duskull","90","1"
"speed","duskull","25","0"
"hp","dusclops","40","0"
"attack","dusclops","70","0"
"defense","dusclops","130","1"
"special attack","dusclops","60","0"
"special defense","dusclops","130","1"
"speed","dusclops","25","0"
"hp","tropius","99","2"
"attack","tropius","68","0"
"defense","tropius","83","0"
"special attack","tropius","72","0"
"special defense","tropius","87","0"
"speed","tropius","51","0"
"hp","chimecho","75","0"
"attack","chimecho","50","0"
"defense","chimecho","80","0"
"special attack","chimecho","95","1"
"special defense","chimecho","90","1"
"speed","chimecho","65","0"
"hp","absol","65","0"
"attack","absol","130","2"
"defense","absol","60","0"
"special attack","absol","75","0"
"special defense","absol","60","0"
"speed","absol","75","0"
"hp","wynaut","95","1"
"attack","wynaut","23","0"
"defense","wynaut","48","0"
"special attack","wynaut","23","0"
"special defense","wynaut","48","0"
"speed","wynaut","23","0"
"hp","snorunt","50","1"
"attack","snorunt","50","0"
"defense","snorunt","50","0"
"special attack","snorunt","50","0"
"special defense","snorunt","50","0"
"speed","snorunt","50","0"
"hp","glalie","80","2"
"attack","glalie","80","0"
"defense","glalie","80","0"
"special attack","glalie","80","0"
"special defense","glalie","80","0"
"speed","glalie","80","0"
"hp","spheal","70","1"
"attack","spheal","40","0"
"defense","spheal","50","0"
"special attack","spheal","55","0"
"special defense","spheal","50","0"
"speed","spheal","25","0"
"hp","sealeo","90","2"
"attack","sealeo","60","0"
"defense","sealeo","70","0"
"special attack","sealeo","75","0"
"special defense","sealeo","70","0"
"speed","sealeo","45","0"
"hp","walrein","110","3"
"attack","walrein","80","0"
"defense","walrein","90","0"
"special attack","walrein","95","0"
"special defense","walrein","90","0"
"speed","walrein","65","0"
"hp","clamperl","35","0"
"attack","clamperl","64","0"
"defense","clamperl","85","1"
"special attack","clamperl","74","0"
"special defense","clamperl","55","0"
"speed","clamperl","32","0"
"hp","huntail","55","0"
"attack","huntail","104","1"
"defense","huntail","105","1"
"special attack","huntail","94","0"
"special defense","huntail","75","0"
"speed","huntail","52","0"
"hp","gorebyss","55","0"
"attack","gorebyss","84","0"
"defense","gorebyss","105","0"
"special attack","gorebyss","114","2"
"special defense","gorebyss","75","0"
"speed","gorebyss","52","0"
"hp","relicanth","100","1"
"attack","relicanth","90","0"
"defense","relicanth","130","1"
"special attack","relicanth","45","0"
"special defense","relicanth","65","0"
"speed","relicanth","55","0"
"hp","luvdisc","43","0"
"attack","luvdisc","30","0"
"defense","luvdisc","55","0"
"special attack","luvdisc","40","0"
"special defense","luvdisc","65","0"
"speed","luvdisc","97","1"
"hp","bagon","45","0"
"attack","bagon","75","1"
"defense","bagon","60","0"
"special attack","bagon","40","0"
"special defense","bagon","30","0"
"speed","bagon","50","0"
"hp","shelgon","65","0"
"attack","shelgon","95","0"
"defense","shelgon","100","2"
"special attack","shelgon","60","0"
"special defense","shelgon","50","0"
"speed","shelgon","50","0"
"hp","salamence","95","0"
"attack","salamence","135","3"
"defense","salamence","80","0"
"special attack","salamence","110","0"
"special defense","salamence","80","0"
"speed","salamence","100","0"
"hp","beldum","40","0"
"attack","beldum","55","0"
"defense","beldum","80","1"
"special attack","beldum","35","0"
"special defense","beldum","60","0"
"speed","beldum","30","0"
"hp","metang","60","0"
"attack","metang","75","0"
"defense","metang","100","2"
"special attack","metang","55","0"
"special defense","metang","80","0"
"speed","metang","50","0"
"hp","metagross","80","0"
"attack","metagross","135","0"
"defense","metagross","130","3"
"special attack","metagross","95","0"
"special defense","metagross","90","0"
"speed","metagross","70","0"
"hp","regirock","80","0"
"attack","regirock","100","0"
"defense","regirock","200","3"
"special attack","regirock","50","0"
"special defense","regirock","100","0"
"speed","regirock","50","0"
"hp","regice","80","0"
"attack","regice","50","0"
"defense","regice","100","0"
"special attack","regice","100","0"
"special defense","regice","200","3"
"speed","regice","50","0"
"hp","registeel","80","0"
"attack","registeel","75","0"
"defense","registeel","150","2"
"special attack","registeel","75","0"
"special defense","registeel","150","1"
"speed","registeel","50","0"
"hp","latias","80","0"
"attack","latias","80","0"
"defense","latias","90","0"
"special attack","latias","110","0"
"special defense","latias","130","3"
"speed","latias","110","0"
"hp","latios","80","0"
"attack","latios","90","0"
"defense","latios","80","0"
"special attack","latios","130","3"
"special defense","latios","110","0"
"speed","latios","110","0"
"hp","kyogre","100","0"
"attack","kyogre","100","0"
"defense","kyogre","90","0"
"special attack","kyogre","150","3"
"special defense","kyogre","140","0"
"speed","kyogre","90","0"
"hp","groudon","100","0"
"attack","groudon","150","3"
"defense","groudon","140","0"
"special attack","groudon","100","0"
"special defense","groudon","90","0"
"speed","groudon","90","0"
"hp","rayquaza","105","0"
"attack","rayquaza","150","2"
"defense","rayquaza","90","0"
"special attack","rayquaza","150","1"
"special defense","rayquaza","90","0"
"speed","rayquaza","95","0"
"hp","jirachi","100","3"
"attack","jirachi","100","0"
"defense","jirachi","100","0"
"special attack","jirachi","100","0"
"special defense","jirachi","100","0"
"speed","jirachi","100","0"
"hp","deoxys normal","50","0"
"attack","deoxys normal","150","1"
"defense","deoxys normal","50","0"
"special attack","deoxys normal","150","1"
"special defense","deoxys normal","50","0"
"speed","deoxys normal","150","1"
"hp","turtwig","55","0"
"attack","turtwig","68","1"
"defense","turtwig","64","0"
"special attack","turtwig","45","0"
"special defense","turtwig","55","0"
"speed","turtwig","31","0"
"hp","grotle","75","0"
"attack","grotle","89","1"
"defense","grotle","85","1"
"special attack","grotle","55","0"
"special defense","grotle","65","0"
"speed","grotle","36","0"
"hp","torterra","95","0"
"attack","torterra","109","2"
"defense","torterra","105","1"
"special attack","torterra","75","0"
"special defense","torterra","85","0"
"speed","torterra","56","0"
"hp","chimchar","44","0"
"attack","chimchar","58","0"
"defense","chimchar","44","0"
"special attack","chimchar","58","0"
"special defense","chimchar","44","0"
"speed","chimchar","61","1"
"hp","monferno","64","0"
"attack","monferno","78","0"
"defense","monferno","52","0"
"special attack","monferno","78","1"
"special defense","monferno","52","0"
"speed","monferno","81","1"
"hp","infernape","76","0"
"attack","infernape","104","1"
"defense","infernape","71","0"
"special attack","infernape","104","1"
"special defense","infernape","71","0"
"speed","infernape","108","1"
"hp","piplup","53","0"
"attack","piplup","51","0"
"defense","piplup","53","0"
"special attack","piplup","61","1"
"special defense","piplup","56","0"
"speed","piplup","40","0"
"hp","prinplup","64","0"
"attack","prinplup","66","0"
"defense","prinplup","68","0"
"special attack","prinplup","81","2"
"special defense","prinplup","76","0"
"speed","prinplup","50","0"
"hp","empoleon","84","0"
"attack","empoleon","86","0"
"defense","empoleon","88","0"
"special attack","empoleon","111","3"
"special defense","empoleon","101","0"
"speed","empoleon","60","0"
"hp","starly","40","0"
"attack","starly","55","0"
"defense","starly","30","0"
"special attack","starly","30","0"
"special defense","starly","30","0"
"speed","starly","60","1"
"hp","staravia","55","0"
"attack","staravia","75","0"
"defense","staravia","50","0"
"special attack","staravia","40","0"
"special defense","staravia","40","0"
"speed","staravia","80","2"
"hp","staraptor","85","0"
"attack","staraptor","120","3"
"defense","staraptor","70","0"
"special attack","staraptor","50","0"
"special defense","staraptor","60","0"
"speed","staraptor","100","0"
"hp","bidoof","59","1"
"attack","bidoof","45","0"
"defense","bidoof","40","0"
"special attack","bidoof","35","0"
"special defense","bidoof","40","0"
"speed","bidoof","31","0"
"hp","bibarel","79","0"
"attack","bibarel","85","2"
"defense","bibarel","60","0"
"special attack","bibarel","55","0"
"special defense","bibarel","60","0"
"speed","bibarel","71","0"
"hp","kricketot","37","0"
"attack","kricketot","25","0"
"defense","kricketot","41","1"
"special attack","kricketot","25","0"
"special defense","kricketot","41","0"
"speed","kricketot","25","0"
"hp","kricketune","77","0"
"attack","kricketune","85","2"
"defense","kricketune","51","0"
"special attack","kricketune","55","0"
"special defense","kricketune","51","0"
"speed","kricketune","65","0"
"hp","shinx","45","0"
"attack","shinx","65","1"
"defense","shinx","34","0"
"special attack","shinx","40","0"
"special defense","shinx","34","0"
"speed","shinx","45","0"
"hp","luxio","60","0"
"attack","luxio","85","2"
"defense","luxio","49","0"
"special attack","luxio","60","0"
"special defense","luxio","49","0"
"speed","luxio","60","0"
"hp","luxray","80","0"
"attack","luxray","120","3"
"defense","luxray","79","0"
"special attack","luxray","95","0"
"special defense","luxray","79","0"
"speed","luxray","70","0"
"hp","budew","40","0"
"attack","budew","30","0"
"defense","budew","35","0"
"special attack","budew","50","1"
"special defense","budew","70","0"
"speed","budew","55","0"
"hp","roserade","60","0"
"attack","roserade","70","0"
"defense","roserade","65","0"
"special attack","roserade","125","3"
"special defense","roserade","105","0"
"speed","roserade","90","0"
"hp","cranidos","67","0"
"attack","cranidos","125","1"
"defense","cranidos","40","0"
"special attack","cranidos","30","0"
"special defense","cranidos","30","0"
"speed","cranidos","58","0"
"hp","rampardos","97","0"
"attack","rampardos","165","2"
"defense","rampardos","60","0"
"special attack","rampardos","65","0"
"special defense","rampardos","50","0"
"speed","rampardos","58","0"
"hp","shieldon","30","0"
"attack","shieldon","42","0"
"defense","shieldon","118","1"
"special attack","shieldon","42","0"
"special defense","shieldon","88","0"
"speed","shieldon","30","0"
"hp","bastiodon","60","0"
"attack","bastiodon","52","0"
"defense","bastiodon","168","2"
"special attack","bastiodon","47","0"
"special defense","bastiodon","138","0"
"speed","bastiodon","30","0"
"hp","burmy","40","0"
"attack","burmy","29","0"
"defense","burmy","45","0"
"special attack","burmy","29","0"
"special defense","burmy","45","1"
"speed","burmy","36","0"
"hp","wormadam plant","60","0"
"attack","wormadam plant","59","0"
"defense","wormadam plant","85","0"
"special attack","wormadam plant","79","0"
"special defense","wormadam plant","105","2"
"speed","wormadam plant","36","0"
"hp","mothim","70","0"
"attack","mothim","94","1"
"defense","mothim","50","0"
"special attack","mothim","94","1"
"special defense","mothim","50","0"
"speed","mothim","66","0"
"hp","combee","30","0"
"attack","combee","30","0"
"defense","combee","42","0"
"special attack","combee","30","0"
"special defense","combee","42","0"
"speed","combee","70","1"
"hp","vespiquen","70","0"
"attack","vespiquen","80","0"
"defense","vespiquen","102","1"
"special attack","vespiquen","80","0"
"special defense","vespiquen","102","1"
"speed","vespiquen","40","0"
"hp","pachirisu","60","0"
"attack","pachirisu","45","0"
"defense","pachirisu","70","0"
"special attack","pachirisu","45","0"
"special defense","pachirisu","90","0"
"speed","pachirisu","95","1"
"hp","buizel","55","0"
"attack","buizel","65","0"
"defense","buizel","35","0"
"special attack","buizel","60","0"
"special defense","buizel","30","0"
"speed","buizel","85","1"
"hp","floatzel","85","0"
"attack","floatzel","105","0"
"defense","floatzel","55","0"
"special attack","floatzel","85","0"
"special defense","floatzel","50","0"
"speed","floatzel","115","2"
"hp","cherubi","45","0"
"attack","cherubi","35","0"
"defense","cherubi","45","0"
"special attack","cherubi","62","1"
"special defense","cherubi","53","0"
"speed","cherubi","35","0"
"hp","cherrim","70","0"
"attack","cherrim","60","0"
"defense","cherrim","70","0"
"special attack","cherrim","87","2"
"special defense","cherrim","78","0"
"speed","cherrim","85","0"
"hp","shellos","76","1"
"attack","shellos","48","0"
"defense","shellos","48","0"
"special attack","shellos","57","0"
"special defense","shellos","62","0"
"speed","shellos","34","0"
"hp","gastrodon","111","2"
"attack","gastrodon","83","0"
"defense","gastrodon","68","0"
"special attack","gastrodon","92","0"
"special defense","gastrodon","82","0"
"speed","gastrodon","39","0"
"hp","ambipom","75","0"
"attack","ambipom","100","0"
"defense","ambipom","66","0"
"special attack","ambipom","60","0"
"special defense","ambipom","66","0"
"speed","ambipom","115","2"
"hp","drifloon","90","1"
"attack","drifloon","50","0"
"defense","drifloon","34","0"
"special attack","drifloon","60","0"
"special defense","drifloon","44","0"
"speed","drifloon","70","0"
"hp","drifblim","150","2"
"attack","drifblim","80","0"
"defense","drifblim","44","0"
"special attack","drifblim","90","0"
"special defense","drifblim","54","0"
"speed","drifblim","80","0"
"hp","buneary","55","0"
"attack","buneary","66","0"
"defense","buneary","44","0"
"special attack","buneary","44","0"
"special defense","buneary","56","0"
"speed","buneary","85","1"
"hp","lopunny","65","0"
"attack","lopunny","76","0"
"defense","lopunny","84","0"
"special attack","lopunny","54","0"
"special defense","lopunny","96","0"
"speed","lopunny","105","2"
"hp","mismagius","60","0"
"attack","mismagius","60","0"
"defense","mismagius","60","0"
"special attack","mismagius","105","1"
"special defense","mismagius","105","1"
"speed","mismagius","105","0"
"hp","honchkrow","100","0"
"attack","honchkrow","125","2"
"defense","honchkrow","52","0"
"special attack","honchkrow","105","0"
"special defense","honchkrow","52","0"
"speed","honchkrow","71","0"
"hp","glameow","49","0"
"attack","glameow","55","0"
"defense","glameow","42","0"
"special attack","glameow","42","0"
"special defense","glameow","37","0"
"speed","glameow","85","1"
"hp","purugly","71","0"
"attack","purugly","82","0"
"defense","purugly","64","0"
"special attack","purugly","64","0"
"special defense","purugly","59","0"
"speed","purugly","112","2"
"hp","chingling","45","0"
"attack","chingling","30","0"
"defense","chingling","50","0"
"special attack","chingling","65","1"
"special defense","chingling","50","0"
"speed","chingling","45","0"
"hp","stunky","63","0"
"attack","stunky","63","0"
"defense","stunky","47","0"
"special attack","stunky","41","0"
"special defense","stunky","41","0"
"speed","stunky","74","1"
"hp","skuntank","103","2"
"attack","skuntank","93","0"
"defense","skuntank","67","0"
"special attack","skuntank","71","0"
"special defense","skuntank","61","0"
"speed","skuntank","84","0"
"hp","bronzor","57","0"
"attack","bronzor","24","0"
"defense","bronzor","86","1"
"special attack","bronzor","24","0"
"special defense","bronzor","86","0"
"speed","bronzor","23","0"
"hp","bronzong","67","0"
"attack","bronzong","89","0"
"defense","bronzong","116","1"
"special attack","bronzong","79","0"
"special defense","bronzong","116","1"
"speed","bronzong","33","0"
"hp","bonsly","50","0"
"attack","bonsly","80","0"
"defense","bonsly","95","1"
"special attack","bonsly","10","0"
"special defense","bonsly","45","0"
"speed","bonsly","10","0"
"hp","mime jr","20","0"
"attack","mime jr","25","0"
"defense","mime jr","45","0"
"special attack","mime jr","70","0"
"special defense","mime jr","90","1"
"speed","mime jr","60","0"
"hp","happiny","100","1"
"attack","happiny","5","0"
"defense","happiny","5","0"
"special attack","happiny","15","0"
"special defense","happiny","65","0"
"speed","happiny","30","0"
"hp","chatot","76","0"
"attack","chatot","65","1"
"defense","chatot","45","0"
"special attack","chatot","92","0"
"special defense","chatot","42","0"
"speed","chatot","91","0"
"hp","spiritomb","50","0"
"attack","spiritomb","92","0"
"defense","spiritomb","108","1"
"special attack","spiritomb","92","0"
"special defense","spiritomb","108","1"
"speed","spiritomb","35","0"
"hp","gible","58","0"
"attack","gible","70","1"
"defense","gible","45","0"
"special attack","gible","40","0"
"special defense","gible","45","0"
"speed","gible","42","0"
"hp","gabite","68","0"
"attack","gabite","90","2"
"defense","gabite","65","0"
"special attack","gabite","50","0"
"special defense","gabite","55","0"
"speed","gabite","82","0"
"hp","garchomp","108","0"
"attack","garchomp","130","3"
"defense","garchomp","95","0"
"special attack","garchomp","80","0"
"special defense","garchomp","85","0"
"speed","garchomp","102","0"
"hp","munchlax","135","1"
"attack","munchlax","85","0"
"defense","munchlax","40","0"
"special attack","munchlax","40","0"
"special defense","munchlax","85","0"
"speed","munchlax","5","0"
"hp","riolu","40","0"
"attack","riolu","70","1"
"defense","riolu","40","0"
"special attack","riolu","35","0"
"special defense","riolu","40","0"
"speed","riolu","60","0"
"hp","lucario","70","0"
"attack","lucario","110","1"
"defense","lucario","70","0"
"special attack","lucario","115","1"
"special defense","lucario","70","0"
"speed","lucario","90","0"
"hp","hippopotas","68","0"
"attack","hippopotas","72","0"
"defense","hippopotas","78","1"
"special attack","hippopotas","38","0"
"special defense","hippopotas","42","0"
"speed","hippopotas","32","0"
"hp","hippowdon","108","0"
"attack","hippowdon","112","0"
"defense","hippowdon","118","2"
"special attack","hippowdon","68","0"
"special defense","hippowdon","72","0"
"speed","hippowdon","47","0"
"hp","skorupi","40","0"
"attack","skorupi","50","0"
"defense","skorupi","90","1"
"special attack","skorupi","30","0"
"special defense","skorupi","55","0"
"speed","skorupi","65","0"
"hp","drapion","70","0"
"attack","drapion","90","0"
"defense","drapion","110","2"
"special attack","drapion","60","0"
"special defense","drapion","75","0"
"speed","drapion","95","0"
"hp","croagunk","48","0"
"attack","croagunk","61","1"
"defense","croagunk","40","0"
"special attack","croagunk","61","0"
"special defense","croagunk","40","0"
"speed","croagunk","50","0"
"hp","toxicroak","83","0"
"attack","toxicroak","106","2"
"defense","toxicroak","65","0"
"special attack","toxicroak","86","0"
"special defense","toxicroak","65","0"
"speed","toxicroak","85","0"
"hp","carnivine","74","0"
"attack","carnivine","100","2"
"defense","carnivine","72","0"
"special attack","carnivine","90","0"
"special defense","carnivine","72","0"
"speed","carnivine","46","0"
"hp","finneon","49","0"
"attack","finneon","49","0"
"defense","finneon","56","0"
"special attack","finneon","49","0"
"special defense","finneon","61","0"
"speed","finneon","66","1"
"hp","lumineon","69","0"
"attack","lumineon","69","0"
"defense","lumineon","76","0"
"special attack","lumineon","69","0"
"special defense","lumineon","86","0"
"speed","lumineon","91","2"
"hp","mantyke","45","0"
"attack","mantyke","20","0"
"defense","mantyke","50","0"
"special attack","mantyke","60","0"
"special defense","mantyke","120","1"
"speed","mantyke","50","0"
"hp","snover","60","0"
"attack","snover","62","1"
"defense","snover","50","0"
"special attack","snover","62","0"
"special defense","snover","60","0"
"speed","snover","40","0"
"hp","abomasnow","90","0"
"attack","abomasnow","92","1"
"defense","abomasnow","75","0"
"special attack","abomasnow","92","1"
"special defense","abomasnow","85","0"
"speed","abomasnow","60","0"
"hp","weavile","70","0"
"attack","weavile","120","1"
"defense","weavile","65","0"
"special attack","weavile","45","0"
"special defense","weavile","85","0"
"speed","weavile","125","1"
"hp","magnezone","70","0"
"attack","magnezone","70","0"
"defense","magnezone","115","0"
"special attack","magnezone","130","3"
"special defense","magnezone","90","0"
"speed","magnezone","60","0"
"hp","lickilicky","110","3"
"attack","lickilicky","85","0"
"defense","lickilicky","95","0"
"special attack","lickilicky","80","0"
"special defense","lickilicky","95","0"
"speed","lickilicky","50","0"
"hp","rhyperior","115","0"
"attack","rhyperior","140","3"
"defense","rhyperior","130","0"
"special attack","rhyperior","55","0"
"special defense","rhyperior","55","0"
"speed","rhyperior","40","0"
"hp","tangrowth","100","0"
"attack","tangrowth","100","0"
"defense","tangrowth","125","2"
"special attack","tangrowth","110","0"
"special defense","tangrowth","50","0"
"speed","tangrowth","50","0"
"hp","electivire","75","0"
"attack","electivire","123","3"
"defense","electivire","67","0"
"special attack","electivire","95","0"
"special defense","electivire","85","0"
"speed","electivire","95","0"
"hp","magmortar","75","0"
"attack","magmortar","95","0"
"defense","magmortar","67","0"
"special attack","magmortar","125","3"
"special defense","magmortar","95","0"
"speed","magmortar","83","0"
"hp","togekiss","85","0"
"attack","togekiss","50","0"
"defense","togekiss","95","0"
"special attack","togekiss","120","2"
"special defense","togekiss","115","1"
"speed","togekiss","80","0"
"hp","yanmega","86","0"
"attack","yanmega","76","2"
"defense","yanmega","86","0"
"special attack","yanmega","116","0"
"special defense","yanmega","56","0"
"speed","yanmega","95","0"
"hp","leafeon","65","0"
"attack","leafeon","110","0"
"defense","leafeon","130","2"
"special attack","leafeon","60","0"
"special defense","leafeon","65","0"
"speed","leafeon","95","0"
"hp","glaceon","65","0"
"attack","glaceon","60","0"
"defense","glaceon","110","0"
"special attack","glaceon","130","2"
"special defense","glaceon","95","0"
"speed","glaceon","65","0"
"hp","gliscor","75","0"
"attack","gliscor","95","0"
"defense","gliscor","125","2"
"special attack","gliscor","45","0"
"special defense","gliscor","75","0"
"speed","gliscor","95","0"
"hp","mamoswine","110","0"
"attack","mamoswine","130","3"
"defense","mamoswine","80","0"
"special attack","mamoswine","70","0"
"special defense","mamoswine","60","0"
"speed","mamoswine","80","0"
"hp","porygon z","85","0"
"attack","porygon z","80","0"
"defense","porygon z","70","0"
"special attack","porygon z","135","3"
"special defense","porygon z","75","0"
"speed","porygon z","90","0"
"hp","gallade","68","0"
"attack","gallade","125","3"
"defense","gallade","65","0"
"special attack","gallade","65","0"
"special defense","gallade","115","0"
"speed","gallade","80","0"
"hp","probopass","60","0"
"attack","probopass","55","0"
"defense","probopass","145","1"
"special attack","probopass","75","0"
"special defense","probopass","150","2"
"speed","probopass","40","0"
"hp","dusknoir","45","0"
"attack","dusknoir","100","0"
"defense","dusknoir","135","1"
"special attack","dusknoir","65","0"
"special defense","dusknoir","135","2"
"speed","dusknoir","45","0"
"hp","froslass","70","0"
"attack","froslass","80","0"
"defense","froslass","70","0"
"special attack","froslass","80","0"
"special defense","froslass","70","0"
"speed","froslass","110","2"
"hp","rotom","50","0"
"attack","rotom","50","0"
"defense","rotom","77","0"
"special attack","rotom","95","1"
"special defense","rotom","77","0"
"speed","rotom","91","1"
"hp","uxie","75","0"
"attack","uxie","75","0"
"defense","uxie","130","2"
"special attack","uxie","75","0"
"special defense","uxie","130","1"
"speed","uxie","95","0"
"hp","mesprit","80","0"
"attack","mesprit","105","1"
"defense","mesprit","105","0"
"special attack","mesprit","105","1"
"special defense","mesprit","105","1"
"speed","mesprit","80","0"
"hp","azelf","75","0"
"attack","azelf","125","2"
"defense","azelf","70","0"
"special attack","azelf","125","1"
"special defense","azelf","70","0"
"speed","azelf","115","0"
"hp","dialga","100","0"
"attack","dialga","120","0"
"defense","dialga","120","0"
"special attack","dialga","150","3"
"special defense","dialga","100","0"
"speed","dialga","90","0"
"hp","palkia","90","0"
"attack","palkia","120","0"
"defense","palkia","100","0"
"special attack","palkia","150","3"
"special defense","palkia","120","0"
"speed","palkia","100","0"
"hp","heatran","91","0"
"attack","heatran","90","0"
"defense","heatran","106","0"
"special attack","heatran","130","3"
"special defense","heatran","106","0"
"speed","heatran","77","0"
"hp","regigigas","110","0"
"attack","regigigas","160","3"
"defense","regigigas","110","0"
"special attack","regigigas","80","0"
"special defense","regigigas","110","0"
"speed","regigigas","100","0"
"hp","giratina altered","150","3"
"attack","giratina altered","100","0"
"defense","giratina altered","120","0"
"special attack","giratina altered","100","0"
"special defense","giratina altered","120","0"
"speed","giratina altered","90","0"
"hp","cresselia","120","0"
"attack","cresselia","70","0"
"defense","cresselia","120","0"
"special attack","cresselia","75","0"
"special defense","cresselia","130","3"
"speed","cresselia","85","0"
"hp","phione","80","1"
"attack","phione","80","0"
"defense","phione","80","0"
"special attack","phione","80","0"
"special defense","phione","80","0"
"speed","phione","80","0"
"hp","manaphy","100","3"
"attack","manaphy","100","0"
"defense","manaphy","100","0"
"special attack","manaphy","100","0"
"special defense","manaphy","100","0"
"speed","manaphy","100","0"
"hp","darkrai","70","0"
"attack","darkrai","90","0"
"defense","darkrai","90","0"
"special attack","darkrai","135","2"
"special defense","darkrai","90","0"
"speed","darkrai","125","1"
"hp","shaymin land","100","3"
"attack","shaymin land","100","0"
"defense","shaymin land","100","0"
"special attack","shaymin land","100","0"
"special defense","shaymin land","100","0"
"speed","shaymin land","100","0"
"hp","arceus","120","3"
"attack","arceus","120","0"
"defense","arceus","120","0"
"special attack","arceus","120","0"
"special defense","arceus","120","0"
"speed","arceus","120","0"
